run,fase,id,archivo,sha256,fuente,pdf_paginas,pdf_error,modelo,prompt,estado,respuesta_id_disponible,error,resultado_disponible,contenido,nodos,entradas,estimulos,incidencias,sin_correspondencia,graves_guardados,leves_guardados,revision_semantica_completa
gpt-6-luna__p4,.,012555da3d70,pipeline/salida/gpt-6-luna__p4/012555da3d70.json,21ae90463ddd64c73b8168ad91d12bb67373d523e6bcdd83f71a7eddb31d8e68,pdfs/comunidad-valenciana/historia-del-arte/2022-ordinaria-examen-llibreta-012555da3d70.pdf,6,,gpt-6-luna,p4,completed,False,,True,True,8,0,8,3,0,0,0,False
gpt-6-luna__p4,.,03364198c8fb,pipeline/salida/gpt-6-luna__p4/03364198c8fb.json,f145342fa29777edef74cda0502409d19a01227b89304e421b476a31b13397d0,pdfs/madrid/frances/2025-ordinaria-examen-uc3m-03364198c8fb.pdf,11,,gpt-6-luna,p4,completed,False,,True,True,33,0,8,1,0,0,3,False
gpt-6-luna__p4,.,070c3795d83c,pipeline/salida/gpt-6-luna__p4/070c3795d83c.json,a9fe79f0f02c8522311385925a8b52e910a3d4f6e39c0ff4b432dd189212edd7,pdfs/pais-vasco/tecnicas-de-expresion-grafico-plastica/2026-extraordinaria-examen-ehu-070c3795d83c.pdf,7,,gpt-6-luna,p4,completed,False,,True,True,13,0,4,2,0,1,2,False
gpt-6-luna__p4,.,08621369dc34,pipeline/salida/gpt-6-luna__p4/08621369dc34.json,ab1e1b17966ffaebdcee164ba3a3d84881c8e3539e519ca1d4cdfe3f7b2b9817,pdfs/comunidad-valenciana/ciencias-de-la-tierra-y-medioambientales/2014-extraordinaria-examen-umh-08621369dc34.pdf,4,,gpt-6-luna,p4,completed,False,,True,True,32,0,0,2,0,0,0,False
gpt-6-luna__p4,.,0a50595f8036,pipeline/salida/gpt-6-luna__p4/0a50595f8036.json,9fda79117bc83abbdaf19d7888c347c030f38172292b848b3de45c79776d228c,pdfs/madrid/dibujo-artistico-ii/2026-ordinaria-examen-uc3m-0a50595f8036.pdf,3,,gpt-6-luna,p4,completed,False,,True,True,6,0,0,3,0,0,0,False
gpt-6-luna__p4,.,0ac57a998ad1,pipeline/salida/gpt-6-luna__p4/0ac57a998ad1.json,e9885b5be28254d2554d6306e7ef45cae219d4eb07314b2f000713ec12129683,pdfs/comunidad-valenciana/empresa-y-diseno-de-modelos-de-negocio/2015-ordinaria-examen-umh-0ac57a998ad1.pdf,4,,gpt-6-luna,p4,completed,False,,True,True,33,0,4,1,0,0,0,False
gpt-6-luna__p4,.,0bed555f767c,pipeline/salida/gpt-6-luna__p4/0bed555f767c.json,7bc240b158636e3d6652c2243725bba2b7c34acb34ee5c147b68023ce34306c4,pdfs/madrid/italiano/2018-extraordinaria-examen-uc3m-0bed555f767c.pdf,3,,gpt-6-luna,p4,completed,False,,True,True,32,0,2,1,0,0,2,False
gpt-6-luna__p4,.,172579fa76d4,pipeline/salida/gpt-6-luna__p4/172579fa76d4.json,c8855d4451f52d7c32c0ec3f07f66bb127cbc69f5a6ee35d9dd666953972d99e,pdfs/pais-vasco/historia-de-la-filosofia/2021-extraordinaria-examen-ehu-172579fa76d4.pdf,7,,gpt-6-luna,p4,completed,False,,True,True,44,0,4,1,0,0,0,False
gpt-6-luna__p4,.,17445f0ab770,pipeline/salida/gpt-6-luna__p4/17445f0ab770.json,c9e6874c0474ee42253af70fdeacc69ead63448483e95b23c4ece5016b3ebc4e,pdfs/comunidad-valenciana/quimica/2023-ordinaria-examen-llibreta-17445f0ab770.pdf,2,,gpt-6-luna,p4,completed,False,,True,True,48,0,0,0,0,0,2,False
gpt-6-luna__p4,.,1f06fc98f001,pipeline/salida/gpt-6-luna__p4/1f06fc98f001.json,4b2c22be70b8b99f1223583c871d85794142176402bd00cbd012507183635bdb,pdfs/madrid/fisica/2018-ordinaria-examen-uc3m-1f06fc98f001.pdf,3,,gpt-6-luna,p4,completed,False,,True,True,32,0,3,7,0,0,1,False
gpt-6-luna__p4,.,2422938d704e,pipeline/salida/gpt-6-luna__p4/2422938d704e.json,82aa6be7060918bd0af4bfab1b37acf9975188df60274c2695f4a5c2243663af,pdfs/comunidad-valenciana/biologia/2022-extraordinaria-examen-llibreta-2422938d704e.pdf,8,,gpt-6-luna,p4,completed,False,,True,True,86,0,6,2,0,1,0,False
gpt-6-luna__p4,.,2787fc4d640f,pipeline/salida/gpt-6-luna__p4/2787fc4d640f.json,109446b11b7aedc19091488f2bd6fb2b5d6bf5017df6c01d30dc9c88e08e9900,pdfs/madrid/quimica/2019-modelo-modelo-uc3m-2787fc4d640f.pdf,11,,gpt-6-luna,p4,completed,False,,True,True,46,0,0,5,0,0,0,False
gpt-6-luna__p4,.,2e1486f4d824,pipeline/salida/gpt-6-luna__p4/2e1486f4d824.json,f6028eb0f2466404773ab70299da47560b94c04d0a96ba9caf4daea98233c762,pdfs/comunidad-valenciana/ingles/2022-ordinaria-examen-umh-2e1486f4d824.pdf,4,,gpt-6-luna,p4,completed,False,,True,True,41,0,2,1,0,0,3,False
gpt-6-luna__p4,.,3068d1110070,pipeline/salida/gpt-6-luna__p4/3068d1110070.json,c8f67ad485df4b2f30331221f864eecc11d9b51671bfcd45769e912c1713337e,pdfs/pais-vasco/analisis-musical-ii/2011-extraordinaria-examen-ehu-3068d1110070.pdf,10,,gpt-6-luna,p4,completed,False,,True,True,18,0,3,2,0,0,1,False
gpt-6-luna__p4,.,3ad09f75385c,pipeline/salida/gpt-6-luna__p4/3ad09f75385c.json,62efc5f44191ea6175a8750ed1f5c12fa529142a7d0d8d49a77ea6099a4a7b58,pdfs/pais-vasco/tecnologia-e-ingenieria-ii/2011-extraordinaria-examen-ehu-3ad09f75385c.pdf,7,,gpt-6-luna,p4,completed,False,,True,True,30,0,7,1,0,1,2,False
gpt-6-luna__p4,.,3c134e1125e6,pipeline/salida/gpt-6-luna__p4/3c134e1125e6.json,0a9350e0dcad87ba3f82469e9b7432430c31db2a8852043a9c9ea4a86ba7b81f,pdfs/comunidad-valenciana/historia-de-espana/2026-ordinaria-examen-llibreta-3c134e1125e6.pdf,4,,gpt-6-luna,p4,completed,False,,True,True,14,0,2,1,0,4,0,False
gpt-6-luna__p4,.,3e560f6e17a7,pipeline/salida/gpt-6-luna__p4/3e560f6e17a7.json,4caa49fe46d9a07073bc1e15f20338953c8759e180375d35435a9adf58819f13,pdfs/pais-vasco/portugues/2011-ordinaria-examen-ehu-3e560f6e17a7.pdf,6,,gpt-6-luna,p4,completed,False,,True,True,34,0,2,2,0,0,0,False
gpt-6-luna__p4,.,49e9ef3c3296,pipeline/salida/gpt-6-luna__p4/49e9ef3c3296.json,e4f2a5a5f892447f5530aa922c057cde31ee9b1c1212741e1eee32996630ab7d,pdfs/pais-vasco/matematicas-ii/2026-extraordinaria-examen-ehu-49e9ef3c3296.pdf,4,,gpt-6-luna,p4,completed,False,,True,True,19,0,0,0,0,0,0,False
gpt-6-luna__p4,.,4a7c96ae2912,pipeline/salida/gpt-6-luna__p4/4a7c96ae2912.json,24949a0bb1cef08b351bcff227571cedf270891a6a6d31d35e796a0a7ed5ac4f,pdfs/pais-vasco/historia-de-la-musica-y-de-la-danza/2012-extraordinaria-examen-ehu-4a7c96ae2912.pdf,15,,gpt-6-luna,p4,completed,False,,True,True,16,0,2,5,0,0,0,False
gpt-6-luna__p4,.,4afa0f0f8a54,pipeline/salida/gpt-6-luna__p4/4afa0f0f8a54.json,18cdf7e3baa7081123354faf820203c9d96f305951d0b9e725171b0d5b8c8534,pdfs/madrid/coro-y-tecnica-vocal-ii/2025-ordinaria-examen-uc3m-4afa0f0f8a54.pdf,6,,gpt-6-luna,p4,completed,False,,True,True,30,0,1,1,0,6,1,False
gpt-6-luna__p4,.,53bf68f29024,pipeline/salida/gpt-6-luna__p4/53bf68f29024.json,f0d56dcb5c9c9512e1edd5e2c32890b04125ce48a4aded8057f4ce3eaf27317f,pdfs/comunidad-valenciana/lengua-castellana-y-literatura-ii/2021-extraordinaria-examen-llibreta-53bf68f29024.pdf,4,,gpt-6-luna,p4,completed,False,,True,True,25,0,3,2,0,0,0,False
gpt-6-luna__p4,.,56bd7dc00fe3,pipeline/salida/gpt-6-luna__p4/56bd7dc00fe3.json,4f7f8544ba46321d367ffbd122974680cdf0745c74115fd0e46f6e9c83360db3,pdfs/comunidad-valenciana/historia-del-arte/2024-ordinaria-examen-llibreta-56bd7dc00fe3.pdf,6,,gpt-6-luna,p4,completed,False,,True,True,8,0,8,3,0,0,0,False
gpt-6-luna__p4,.,5bf79e24ec75,pipeline/salida/gpt-6-luna__p4/5bf79e24ec75.json,f5da23b837d3a9f0b7425b3b79a5c4fc83a68f6514cc179c2b00da39a0fb4bcd,pdfs/madrid/lengua-castellana-y-literatura-ii/2018-ordinaria-examen-uc3m-5bf79e24ec75.pdf,4,,gpt-6-luna,p4,completed,False,,True,True,26,0,2,0,0,0,0,False
gpt-6-luna__p4,.,67eea232db63,pipeline/salida/gpt-6-luna__p4/67eea232db63.json,4f1e6f4f09b5bf6964c78ef5dd06fcac7d5466b2ec5913a76371530cef8b549e,pdfs/pais-vasco/dibujo-tecnico-ii/2024-extraordinaria-examen-ehu-67eea232db63.pdf,22,,gpt-6-luna,p4,completed,False,,True,True,13,0,14,0,0,1,0,False
gpt-6-luna__p4,.,68febd0b4352,pipeline/salida/gpt-6-luna__p4/68febd0b4352.json,4cc6b9d7c3d8eaa9e2a70fa59de2de48fdd1c3205a5b9a088644efedaa7df181,pdfs/pais-vasco/latin-ii/2022-extraordinaria-examen-ehu-68febd0b4352.pdf,8,,gpt-6-luna,p4,completed,False,,True,True,22,0,4,2,0,0,2,False
gpt-6-luna__p4,.,6a2a804ce68f,pipeline/salida/gpt-6-luna__p4/6a2a804ce68f.json,310eae27921d6eb00588ba0db7b90e803fef6ce2c512c5763d215b71fab5e410,pdfs/comunidad-valenciana/quimica/2016-ordinaria-examen-umh-6a2a804ce68f.pdf,4,,gpt-6-luna,p4,completed,False,,True,True,46,0,0,3,0,0,2,False
gpt-6-luna__p4,.,73d799a38839,pipeline/salida/gpt-6-luna__p4/73d799a38839.json,840705f14ffa85693ab427a9384ac7a5831ee3ce03e7617a671158bed8284b34,pdfs/pais-vasco/lengua-vasca-y-literatura-ii/2025-ordinaria-examen-ehu-73d799a38839.pdf,5,,gpt-6-luna,p4,completed,False,,True,True,54,0,2,0,0,0,0,False
gpt-6-luna__p4,.,785105ac7ec2,pipeline/salida/gpt-6-luna__p4/785105ac7ec2.json,fb83fc3df998a34e580dfdd79ffa8163c70ddc95fe338aa22101478ed5393657,pdfs/madrid/aleman/2018-ordinaria-examen-uc3m-785105ac7ec2.pdf,5,,gpt-6-luna,p4,completed,False,,True,True,35,0,2,3,0,0,2,False
gpt-6-luna__p4,.,7e1bad7a80fd,pipeline/salida/gpt-6-luna__p4/7e1bad7a80fd.json,42771a631bcf171443327ed153ec7c540cf50de1ea932bee3200ab8050215b0f,pdfs/pais-vasco/ciencias-generales/2025-ordinaria-examen-ehu-7e1bad7a80fd.pdf,7,,gpt-6-luna,p4,completed,False,,True,True,37,0,7,4,0,3,2,False
gpt-6-luna__p4,.,8298a6121d59,pipeline/salida/gpt-6-luna__p4/8298a6121d59.json,6d81736429063b5e8e1e95330c0041948a682b9a86cb491b541989990bc1ad47,pdfs/comunidad-valenciana/fisica/2019-extraordinaria-examen-umh-8298a6121d59.pdf,2,,gpt-6-luna,p4,completed,False,,True,True,11,0,2,1,0,0,0,False
gpt-6-luna__p4,.,85dac4a830fa,pipeline/salida/gpt-6-luna__p4/85dac4a830fa.json,497389a734ca2857a3c959b6b8edf7dffd7bcbce12458a6db45c129b20953e6f,pdfs/madrid/historia-de-la-filosofia/2019-extraordinaria-examen-uc3m-85dac4a830fa.pdf,3,,gpt-6-luna,p4,completed,False,,True,True,10,0,2,0,0,0,0,False
gpt-6-luna__p4,.,8daec23be074,pipeline/salida/gpt-6-luna__p4/8daec23be074.json,35a1d72c7ebe77c33b8da23694783fce86144eefe0a9e08b61b4f3dc41e82510,pdfs/madrid/cultura-audiovisual/2023-ordinaria-examen-uc3m-8daec23be074.pdf,9,,gpt-6-luna,p4,completed,False,,True,True,36,0,3,3,0,12,0,False
gpt-6-luna__p4,.,8f1700eef6e5,pipeline/salida/gpt-6-luna__p4/8f1700eef6e5.json,c64ee4ee1e3ab1400f076a2a8edb906fef0b497bb0602dd61461ce9f52864d2a,pdfs/comunidad-valenciana/historia-de-espana/2016-ordinaria-examen-llibreta-8f1700eef6e5.pdf,4,,gpt-6-luna,p4,completed,False,,True,True,14,0,4,2,0,0,0,False
gpt-6-luna__p4,.,91449450587c,pipeline/salida/gpt-6-luna__p4/91449450587c.json,d9415dd28257f5021d1f34dab49c7986e5d1a01ec7e8c4364d31ad76a1bf7efe,pdfs/comunidad-valenciana/fisica/2025-ordinaria-examen-umh-91449450587c.pdf,4,,gpt-6-luna,p4,completed,False,,True,True,25,0,4,2,0,0,1,False
gpt-6-luna__p4,.,933b666312f9,pipeline/salida/gpt-6-luna__p4/933b666312f9.json,cf122de38e5a10d26ce9864b54d817b27b52cf1705d1e9340e03574cabcb11a4,pdfs/madrid/geografia/2019-ordinaria-examen-uc3m-933b666312f9.pdf,8,,gpt-6-luna,p4,completed,False,,True,True,50,0,7,1,0,20,0,False
gpt-6-luna__p4,.,9c4cbc92103b,pipeline/salida/gpt-6-luna__p4/9c4cbc92103b.json,8655f9a775982a1174d0020727eef4ea86f2996208e63a75ce77629df126c644,pdfs/madrid/frances/2025-extraordinaria-examen-coincidencias-uc3m-9c4cbc92103b.pdf,10,,gpt-6-luna,p4,completed,False,,True,True,33,0,3,1,0,0,2,False
gpt-6-luna__p4,.,9e8570ee562e,pipeline/salida/gpt-6-luna__p4/9e8570ee562e.json,d311f8cd308cfb7f992891a613a1bcb57618558ab5b6d61bc543f5bfd5c84f52,pdfs/pais-vasco/matematicas-ii/2021-ordinaria-examen-ehu-9e8570ee562e.pdf,12,,gpt-6-luna,p4,completed,False,,True,True,29,0,1,0,0,3,1,False
gpt-6-luna__p4,.,a05dd314b1f2,pipeline/salida/gpt-6-luna__p4/a05dd314b1f2.json,f7133144ce28bc13edab0d653cd9d5f3a6fa04cf575d52bd8258395699c07cce,pdfs/madrid/literatura-dramatica/2026-extraordinaria-examen-uc3m-a05dd314b1f2.pdf,6,,gpt-6-luna,p4,completed,False,,True,True,24,0,2,0,0,0,0,False
gpt-6-luna__p4,.,a2af56a74785,pipeline/salida/gpt-6-luna__p4/a2af56a74785.json,d9ceb7e4f14a96de0106a6abcbfcf1fdb5015b86c2029f18e40f5c9520ea1f8c,pdfs/pais-vasco/geologia-y-ciencias-ambientales/2026-extraordinaria-examen-ehu-a2af56a74785.pdf,8,,gpt-6-luna,p4,completed,False,,True,True,38,0,13,1,0,1,1,False
gpt-6-luna__p4,.,a91229e62578,pipeline/salida/gpt-6-luna__p4/a91229e62578.json,1870eebb864ee4bf3365c47df8483f2f764acee52898254c0104f522b3f284fb,pdfs/comunidad-valenciana/fundamentos-artisticos/2026-modelo-modelo-llibreta-a91229e62578.pdf,6,,gpt-6-luna,p4,completed,False,,True,True,13,0,5,1,0,0,0,False
gpt-6-luna__p4,.,a95cacf9e10e,pipeline/salida/gpt-6-luna__p4/a95cacf9e10e.json,e48f7096f24227c6756c9270010079a2f50d0d1b4b163beddbca8fbc77159ebf,pdfs/comunidad-valenciana/historia-de-la-filosofia/2021-extraordinaria-examen-umh-a95cacf9e10e.pdf,8,,gpt-6-luna,p4,completed,False,,True,True,19,0,4,5,0,0,0,False
gpt-6-luna__p4,.,ab690a84e30c,pipeline/salida/gpt-6-luna__p4/ab690a84e30c.json,165f0b0ac54afe3a41536861bf89718442cd8b578e16f63a0b7f451240c58896,pdfs/comunidad-valenciana/ingles/2018-extraordinaria-examen-llibreta-ab690a84e30c.pdf,5,,gpt-6-luna,p4,completed,False,,True,True,46,0,2,3,0,0,0,False
gpt-6-luna__p4,.,acbda9a58213,pipeline/salida/gpt-6-luna__p4/acbda9a58213.json,faeb5525b532702d38bd1f362112635210a4f13e8968984c49a8ddb272ce09f2,pdfs/comunidad-valenciana/matematicas-aplicadas-a-las-ccss-ii/2022-ordinaria-examen-umh-acbda9a58213.pdf,4,,gpt-6-luna,p4,completed,False,,True,True,23,0,0,2,0,0,0,False
gpt-6-luna__p4,.,be1849698853,pipeline/salida/gpt-6-luna__p4/be1849698853.json,4218feb9ca203b5ed4e7f46643ce3442cf1e0f4b3311cbbed8f561d56560eaf5,pdfs/madrid/diseno/2023-ordinaria-examen-uc3m-be1849698853.pdf,7,,gpt-6-luna,p4,completed,False,,True,True,13,0,1,1,0,0,1,False
gpt-6-luna__p4,.,c1e0cd9998cb,pipeline/salida/gpt-6-luna__p4/c1e0cd9998cb.json,f0790c2d5d1c98d0d8b42837feb3ece5c02426f46162e4edda1cc6204677355e,pdfs/madrid/italiano/2021-extraordinaria-examen-coincidencias-uc3m-c1e0cd9998cb.pdf,4,,gpt-6-luna,p4,completed,False,,True,True,25,0,2,2,0,0,2,False
gpt-6-luna__p4,.,cbf947ff0c0c,pipeline/salida/gpt-6-luna__p4/cbf947ff0c0c.json,5d98276b1375b0673201fc8798eed71d9b8ccd638edd724246a657f4ca470704,pdfs/comunidad-valenciana/geologia-y-ciencias-ambientales/2022-extraordinaria-examen-umh-cbf947ff0c0c.pdf,8,,gpt-6-luna,p4,completed,False,,True,True,51,0,5,0,0,0,0,False
gpt-6-luna__p4,.,ce17d1837c64,pipeline/salida/gpt-6-luna__p4/ce17d1837c64.json,b8dbeb416d410c7ba8a696033c6200816a0d9499bc2253b2dc24b6d0d88958a9,pdfs/pais-vasco/literatura-universal/2013-extraordinaria-examen-ehu-ce17d1837c64.pdf,6,,gpt-6-luna,p4,completed,False,,True,True,10,0,1,3,0,0,2,False
gpt-6-luna__p4,.,cf8f175f86e7,pipeline/salida/gpt-6-luna__p4/cf8f175f86e7.json,88f6c035d997baf9818074c9d98669662ffd53f6a2caf860f8292d87b75892ca,pdfs/pais-vasco/movimientos-culturales-y-artisticos/2024-ordinaria-examen-ehu-cf8f175f86e7.pdf,7,,gpt-6-luna,p4,completed,False,,True,True,36,0,4,1,0,0,0,False
gpt-6-luna__p4,.,d54d5d841933,pipeline/salida/gpt-6-luna__p4/d54d5d841933.json,45474dfc8e4185167c3e2468f19c1a6271d0667d97f89bd2ed618366037358aa,pdfs/comunidad-valenciana/lengua-castellana-y-literatura-ii/2019-extraordinaria-examen-llibreta-d54d5d841933.pdf,2,,gpt-6-luna,p4,completed,False,,True,True,16,0,1,0,0,0,0,False
gpt-6-luna__p4,.,e1f43a3363d4,pipeline/salida/gpt-6-luna__p4/e1f43a3363d4.json,762ea8030fa278a6c58ee80de154308b6c7243545ce92763e02e9a40588e2010,pdfs/comunidad-valenciana/economia-de-la-empresa/2024-ordinaria-examen-llibreta-e1f43a3363d4.pdf,6,,gpt-6-luna,p4,completed,False,,True,True,39,0,2,0,0,0,0,False
gpt-6-luna__p4,.,e300944f0ec3,pipeline/salida/gpt-6-luna__p4/e300944f0ec3.json,a0e1bdd8cbe69124c4653e9562a13a50f25b5a3b3b0845bc10a6f3157af1f8bd,pdfs/comunidad-valenciana/geografia/2021-extraordinaria-examen-llibreta-e300944f0ec3.pdf,5,,gpt-6-luna,p4,completed,False,,True,True,13,0,4,1,0,0,0,False
gpt-6-luna__p4,.,e731338592c5,pipeline/salida/gpt-6-luna__p4/e731338592c5.json,555f4af429762ea7dcf899f52008ce310cf0234cb57375768e6c938dd7192404,pdfs/comunidad-valenciana/geografia/2025-ordinaria-examen-umh-e731338592c5.pdf,3,,gpt-6-luna,p4,completed,False,,True,True,10,0,4,0,0,0,0,False
gpt-6-luna__p4,.,e7907173dac8,pipeline/salida/gpt-6-luna__p4/e7907173dac8.json,f445db235eac1936d30b4757b2f380bb76b7b6d80aa68353d80016aec956dafe,pdfs/comunidad-valenciana/valenciano/2026-ordinaria-examen-llibreta-e7907173dac8.pdf,3,,gpt-6-luna,p4,completed,False,,True,True,23,0,3,2,0,0,0,False
gpt-6-luna__p4,.,ed03ea4e6cf8,pipeline/salida/gpt-6-luna__p4/ed03ea4e6cf8.json,c52ec84bc390d94311ed20e80174c36af84a0a5d5ae4c07f02623aa1661c910f,pdfs/madrid/artes-escenicas-ii/2020-ordinaria-examen-coincidencias-uc3m-ed03ea4e6cf8.pdf,12,,gpt-6-luna,p4,completed,False,,True,True,18,0,4,1,0,0,0,False
gpt-6-luna__p4,.,f5a8aadc050b,pipeline/salida/gpt-6-luna__p4/f5a8aadc050b.json,2d6141c565f6faae0850eaf9e28e8caee418a7620ca1827ce428b0049d153360,pdfs/comunidad-valenciana/matematicas-aplicadas-a-las-ccss-ii/2017-extraordinaria-examen-umh-f5a8aadc050b.pdf,4,,gpt-6-luna,p4,completed,False,,True,True,20,0,0,0,0,0,0,False
gpt-6-luna__p4,.,fb33d4fddeab,pipeline/salida/gpt-6-luna__p4/fb33d4fddeab.json,c09751904957374fdf8cc43f83313a9d5f939c3c9ad5daa7f67d7dcf28e4fe4f,pdfs/madrid/griego-ii/2024-ordinaria-examen-uc3m-fb33d4fddeab.pdf,5,,gpt-6-luna,p4,completed,False,,True,True,17,0,2,2,0,0,2,False
gpt-6-luna__p4,.,fda5ea13b6c5,pipeline/salida/gpt-6-luna__p4/fda5ea13b6c5.json,1f733e49fd475fdc4cfddca2c3c80f899a18efb38b3c239d70208b97689b5d49,pdfs/comunidad-valenciana/ciencias-de-la-tierra-y-medioambientales/2013-extraordinaria-examen-umh-fda5ea13b6c5.pdf,4,,gpt-6-luna,p4,completed,False,,True,True,32,0,4,2,0,0,3,False
gpt-6-luna__p4,.,fdd6ca513f80,pipeline/salida/gpt-6-luna__p4/fdd6ca513f80.json,9ee52376bce2a534a1e036531ba12c3dac5b0d17bcc218af43cc7c456e4ee37e,pdfs/comunidad-valenciana/dibujo-tecnico-ii/2026-ordinaria-examen-llibreta-fdd6ca513f80.pdf,8,,gpt-6-luna,p4,completed,False,,True,True,18,0,7,2,0,0,0,False
gpt-6-luna__p5,.,012555da3d70,pipeline/salida/gpt-6-luna__p5/012555da3d70.json,9a385a47dfcec20478c6b45f63efc56684fc4b913e62b534d24b78e12eb2c8b8,pdfs/comunidad-valenciana/historia-del-arte/2022-ordinaria-examen-llibreta-012555da3d70.pdf,6,,gpt-6-luna,p5,completed,False,,True,True,8,0,8,3,0,0,0,False
gpt-6-luna__p5,.,01808acbd270,pipeline/salida/gpt-6-luna__p5/01808acbd270.json,4482ff0a698ec86e383065b64b2774b3d1d3cc93732bf90079a38fdec9af6a39,pdfs/madrid/historia-de-espana/2024-extraordinaria-examen-coincidencias-uc3m-01808acbd270.pdf,7,,gpt-6-luna,p5,completed,False,,True,True,22,0,3,3,0,0,0,False
gpt-6-luna__p5,.,03364198c8fb,pipeline/salida/gpt-6-luna__p5/03364198c8fb.json,f6ea0b8f6130b0340db494db8f919bf7e0a617879e9bd6daaac367ec99317726,pdfs/madrid/frances/2025-ordinaria-examen-uc3m-03364198c8fb.pdf,11,,gpt-6-luna,p5,completed,False,,True,True,51,0,5,2,0,0,0,False
gpt-6-luna__p5,.,053608cf06ee,pipeline/salida/gpt-6-luna__p5/053608cf06ee.json,8c8f622ebbea97ace9e0681a2c1ad6da4581fdb3912e181362f67ca02a0e790b,pdfs/comunidad-valenciana/lengua-castellana-y-literatura-ii/2013-extraordinaria-examen-umh-053608cf06ee.pdf,2,,gpt-6-luna,p5,completed,False,,True,True,16,0,1,1,0,0,0,False
gpt-6-luna__p5,.,0698620afa36,pipeline/salida/gpt-6-luna__p5/0698620afa36.json,aedd728bb81052d22c464f79b42daf57153751ecd2e6dc904f293ceed1f015e6,pdfs/comunidad-valenciana/matematicas-ii/2018-extraordinaria-examen-umh-0698620afa36.pdf,4,,gpt-6-luna,p5,completed,False,,True,True,26,0,0,0,0,0,0,False
gpt-6-luna__p5,.,070c3795d83c,pipeline/salida/gpt-6-luna__p5/070c3795d83c.json,23dfcadc4a7c5ad3d5499d72e3835e2fa3d16977e92f1d5df4fa15852bc1acdb,pdfs/pais-vasco/tecnicas-de-expresion-grafico-plastica/2026-extraordinaria-examen-ehu-070c3795d83c.pdf,7,,gpt-6-luna,p5,completed,False,,True,True,13,0,4,1,0,0,0,False
gpt-6-luna__p5,.,0743849de2d6,pipeline/salida/gpt-6-luna__p5/0743849de2d6.json,df219249fd1bc3c3dfedbf580eb1be0eb3611b9d3d39c16340ed17bfd08a397b,pdfs/madrid/lengua-castellana-y-literatura-ii/2025-ordinaria-examen-uc3m-0743849de2d6.pdf,6,,gpt-6-luna,p5,completed,False,,True,True,21,0,1,1,0,0,0,False
gpt-6-luna__p5,.,08621369dc34,pipeline/salida/gpt-6-luna__p5/08621369dc34.json,a946b43467ab28969a79b982481955d1a614d1d27b7e50d08a98a41e05927ab1,pdfs/comunidad-valenciana/ciencias-de-la-tierra-y-medioambientales/2014-extraordinaria-examen-umh-08621369dc34.pdf,4,,gpt-6-luna,p5,completed,False,,True,True,32,0,2,4,0,0,0,False
gpt-6-luna__p5,.,09fa045004f2,pipeline/salida/gpt-6-luna__p5/09fa045004f2.json,984195a994c14973a3eded79857f06520e51bd50a665a5b83ce73cc4dc5acf0a,pdfs/comunidad-valenciana/lengua-castellana-y-literatura-ii/2025-modelo-modelo-llibreta-09fa045004f2.pdf,2,,gpt-6-luna,p5,completed,False,,True,True,14,0,5,2,0,0,0,False
gpt-6-luna__p5,.,09feb8541d90,pipeline/salida/gpt-6-luna__p5/09feb8541d90.json,7020f4c34ea06e236de1d4518436c77eadd6f3bdddab99ba0af83d1e8a8da4fb,pdfs/comunidad-valenciana/historia-de-espana/2021-ordinaria-examen-umh-09feb8541d90.pdf,4,,gpt-6-luna,p5,completed,False,,True,True,17,0,4,1,0,0,0,False
gpt-6-luna__p5,.,0a50595f8036,pipeline/salida/gpt-6-luna__p5/0a50595f8036.json,4e1fb4b3da6198f80a27d8d0bb06762ae1f3f67cee03af60477cfc552f7f59e8,pdfs/madrid/dibujo-artistico-ii/2026-ordinaria-examen-uc3m-0a50595f8036.pdf,3,,gpt-6-luna,p5,completed,False,,True,True,6,0,0,3,0,0,0,False
gpt-6-luna__p5,.,0ac57a998ad1,pipeline/salida/gpt-6-luna__p5/0ac57a998ad1.json,333e4fbab5d055b0749b0cdb09a9c32a58c6cd98cc37862bd0288e44399da228,pdfs/comunidad-valenciana/empresa-y-diseno-de-modelos-de-negocio/2015-ordinaria-examen-umh-0ac57a998ad1.pdf,4,,gpt-6-luna,p5,completed,False,,True,True,33,0,4,1,0,0,0,False
gpt-6-luna__p5,.,0b7e227a5499,pipeline/salida/gpt-6-luna__p5/0b7e227a5499.json,c7616f829e6707617e32efa93fe9ab6361011a90b8644e788ba39fd164ce3e31,pdfs/madrid/matematicas-ii/2026-modelo-modelo-uc3m-0b7e227a5499.pdf,7,,gpt-6-luna,p5,completed,True,,True,True,23,0,1,2,0,0,1,False
gpt-6-luna__p5,.,0bed555f767c,pipeline/salida/gpt-6-luna__p5/0bed555f767c.json,fe6f4a04d060f323edd548b226c106aed92b3a33d6a299a12fa54adc28149383,pdfs/madrid/italiano/2018-extraordinaria-examen-uc3m-0bed555f767c.pdf,3,,gpt-6-luna,p5,completed,False,,True,True,52,0,2,2,0,0,0,False
gpt-6-luna__p5,.,0d5e5806192a,pipeline/salida/gpt-6-luna__p5/0d5e5806192a.json,85677253df9d2152a8a92eb40e151341e8508df8d0e7e36ab3bae45320eb3624,pdfs/madrid/lengua-castellana-y-literatura-ii/2019-extraordinaria-examen-uc3m-0d5e5806192a.pdf,4,,gpt-6-luna,p5,completed,True,,True,True,26,0,2,0,0,0,0,False
gpt-6-luna__p5,.,0fedaac3fe5f,pipeline/salida/gpt-6-luna__p5/0fedaac3fe5f.json,00e719df8a7b6b6a7e66eecbc2942fdae93017e7609d1e39b0f298d1737d5c92,pdfs/comunidad-valenciana/lengua-castellana-y-literatura-ii/2011-extraordinaria-examen-llibreta-0fedaac3fe5f.pdf,2,,gpt-6-luna,p5,completed,False,,True,True,16,0,1,0,0,0,0,False
gpt-6-luna__p5,.,114bff1bacb1,pipeline/salida/gpt-6-luna__p5/114bff1bacb1.json,87ecaf5cd7ab66003b9bd447acaccbb80b44e364b5a43d13cb6174abc7e1d8e2,pdfs/madrid/lengua-castellana-y-literatura-ii/2023-ordinaria-examen-coincidencias-uc3m-114bff1bacb1.pdf,6,,gpt-6-luna,p5,completed,True,,True,True,26,0,2,1,0,0,0,False
gpt-6-luna__p5,.,12d25f00833d,pipeline/salida/gpt-6-luna__p5/12d25f00833d.json,7907f5ab5a22c91e1237ff442f8cf79804895e6f446e59b6615b80c58bd38556,pdfs/comunidad-valenciana/matematicas-ii/2022-extraordinaria-examen-umh-12d25f00833d.pdf,3,,gpt-6-luna,p5,completed,False,,True,True,21,0,0,0,0,0,0,False
gpt-6-luna__p5,.,13244a0fa596,pipeline/salida/gpt-6-luna__p5/13244a0fa596.json,59a9d8f9d0e1c323f197184c72ad343897bdc1c3e8add04618407f8ca9626f24,pdfs/madrid/historia-de-espana/2021-extraordinaria-examen-coincidencias-uc3m-13244a0fa596.pdf,8,,gpt-6-luna,p5,completed,False,,True,True,26,0,3,3,0,0,0,False
gpt-6-luna__p5,.,16d0161b5c29,pipeline/salida/gpt-6-luna__p5/16d0161b5c29.json,b2d3ed7ecd736143e0c38f62a76e82f378298d8024e4ca933ed6908fa9601d52,pdfs/comunidad-valenciana/historia-de-espana/2020-ordinaria-examen-umh-16d0161b5c29.pdf,4,,gpt-6-luna,p5,completed,False,,True,True,17,0,4,3,0,0,0,False
gpt-6-luna__p5,.,16eb4becf2b2,pipeline/salida/gpt-6-luna__p5/16eb4becf2b2.json,da70ef1733018fe16fa60e1b59d5164330d121499d31f547e353ca4980325a93,pdfs/comunidad-valenciana/historia-de-espana/2014-extraordinaria-examen-umh-16eb4becf2b2.pdf,4,,gpt-6-luna,p5,completed,False,,True,True,14,0,4,2,0,0,0,False
gpt-6-luna__p5,.,172579fa76d4,pipeline/salida/gpt-6-luna__p5/172579fa76d4.json,63d9168e18d3f8176584d8be3e10a43818be470295618e9dad8b00caf4d641d9,pdfs/pais-vasco/historia-de-la-filosofia/2021-extraordinaria-examen-ehu-172579fa76d4.pdf,7,,gpt-6-luna,p5,completed,False,,True,True,44,0,4,1,0,0,1,False
gpt-6-luna__p5,.,17445f0ab770,pipeline/salida/gpt-6-luna__p5/17445f0ab770.json,c366e731b0f3a28957280d0523d5a8dd41c1da2367298c33da3cdd46d9b218bb,pdfs/comunidad-valenciana/quimica/2023-ordinaria-examen-llibreta-17445f0ab770.pdf,2,,gpt-6-luna,p5,completed,False,,True,True,48,0,0,6,0,0,0,False
gpt-6-luna__p5,.,184bfaad518f,pipeline/salida/gpt-6-luna__p5/184bfaad518f.json,c368dab0017d26d1603d26f2374376664d058e111fda8f40171c205a0b8a7d2f,pdfs/madrid/matematicas-ii/2019-modelo-modelo-uc3m-184bfaad518f.pdf,8,,gpt-6-luna,p5,completed,True,,True,True,31,0,2,0,0,0,1,False
gpt-6-luna__p5,.,19e1e026fa90,pipeline/salida/gpt-6-luna__p5/19e1e026fa90.json,869f02f70b114f1b98a36caf5e4e530e3ba7178eb8b0dfe7f2401c7391d0dc79,pdfs/comunidad-valenciana/matematicas-ii/2025-ordinaria-examen-umh-19e1e026fa90.pdf,7,,gpt-6-luna,p5,completed,False,,True,True,30,0,1,2,0,0,1,False
gpt-6-luna__p5,.,1a86b8a6273d,pipeline/salida/gpt-6-luna__p5/1a86b8a6273d.json,e5ca584f5d7078a4b40b9e5ac5eae676953c49af4afcdb3a1e96cae616432b77,pdfs/madrid/lengua-castellana-y-literatura-ii/2020-ordinaria-examen-martes-uc3m-1a86b8a6273d.pdf,6,,gpt-6-luna,p5,completed,True,,True,True,26,0,2,1,0,0,0,False
gpt-6-luna__p5,.,1b0c55921d01,pipeline/salida/gpt-6-luna__p5/1b0c55921d01.json,dd15c9b7754057913d26b14f547963fe77ef4203de633871063ff339ddb7bde5,pdfs/comunidad-valenciana/historia-de-espana/2022-ordinaria-examen-umh-1b0c55921d01.pdf,4,,gpt-6-luna,p5,completed,False,,True,True,17,0,4,0,0,0,0,False
gpt-6-luna__p5,.,1bc800a06e3b,pipeline/salida/gpt-6-luna__p5/1bc800a06e3b.json,5a8c7df08dc7969818db8f5d004a2adb4a157ca0933d2ccec9ca44764b624302,pdfs/madrid/matematicas-ii/2021-ordinaria-examen-uc3m-1bc800a06e3b.pdf,7,,gpt-6-luna,p5,completed,True,,True,True,26,0,2,0,0,0,1,False
gpt-6-luna__p5,.,1d26a968086e,pipeline/salida/gpt-6-luna__p5/1d26a968086e.json,591fd45bc2228d90a77c731c81408afb9db458b9a32328d30f75d3eeddd66cbd,pdfs/madrid/historia-de-espana/2023-extraordinaria-examen-coincidencias-uc3m-1d26a968086e.pdf,3,,gpt-6-luna,p5,completed,False,,True,True,26,0,3,4,0,0,0,False
gpt-6-luna__p5,.,1f06fc98f001,pipeline/salida/gpt-6-luna__p5/1f06fc98f001.json,233bfd5f3106013562c1482b1f54f2d5e043a0ecf2894cc7f73d7e9fb462fe1e,pdfs/madrid/fisica/2018-ordinaria-examen-uc3m-1f06fc98f001.pdf,3,,gpt-6-luna,p5,completed,False,,True,True,32,0,3,7,0,0,0,False
gpt-6-luna__p5,.,208b83b7e460,pipeline/salida/gpt-6-luna__p5/208b83b7e460.json,9bc4b140932a15022254bc9a4273b5855fbbd96a7a08994175a5e4b92c2491ab,pdfs/comunidad-valenciana/lengua-castellana-y-literatura-ii/2017-ordinaria-examen-umh-208b83b7e460.pdf,2,,gpt-6-luna,p5,completed,False,,True,True,20,0,1,0,0,0,1,False
gpt-6-luna__p5,.,20f477248bf5,pipeline/salida/gpt-6-luna__p5/20f477248bf5.json,3f3ad919ef06769372f6c6286f281e3a61ca839ec541249c9786a320d27a47f7,pdfs/madrid/lengua-castellana-y-literatura-ii/2021-ordinaria-examen-coincidencias-uc3m-20f477248bf5.pdf,6,,gpt-6-luna,p5,completed,True,,True,True,26,0,2,2,0,0,0,False
gpt-6-luna__p5,.,215c4577b13a,pipeline/salida/gpt-6-luna__p5/215c4577b13a.json,fd4a649972224e491d4b1893bce329d788ab9f2126bc86790f5060d669fe7da6,pdfs/madrid/historia-de-espana/2023-extraordinaria-examen-uc3m-215c4577b13a.pdf,3,,gpt-6-luna,p5,completed,False,,True,True,28,0,3,1,0,1,0,False
gpt-6-luna__p5,.,224e5e634fab,pipeline/salida/gpt-6-luna__p5/224e5e634fab.json,daf5d6a242244562eb9f94c830131e817e577319d8c45d741d797f5ab0f3eda7,pdfs/madrid/lengua-castellana-y-literatura-ii/2018-extraordinaria-examen-uc3m-224e5e634fab.pdf,3,,gpt-6-luna,p5,completed,True,,True,True,26,0,2,0,0,0,0,False
gpt-6-luna__p5,.,2290f27c0d9c,pipeline/salida/gpt-6-luna__p5/2290f27c0d9c.json,253ddd67aad8a64b1babcd57de82384110f0d0fa4f4624e5e0b5f16629b7f2cb,pdfs/madrid/matematicas-ii/2018-ordinaria-examen-uc3m-2290f27c0d9c.pdf,4,,gpt-6-luna,p5,completed,True,,True,True,29,0,2,1,0,0,0,False
gpt-6-luna__p5,.,2422938d704e,pipeline/salida/gpt-6-luna__p5/2422938d704e.json,19631269f8fa0dd64129da38a1253fd074562726bd228dea1b20e273dbc66eaf,pdfs/comunidad-valenciana/biologia/2022-extraordinaria-examen-llibreta-2422938d704e.pdf,8,,gpt-6-luna,p5,completed,False,,True,True,86,0,6,2,0,1,1,False
gpt-6-luna__p5,.,244a2772cd9c,pipeline/salida/gpt-6-luna__p5/244a2772cd9c.json,4e91d2a15cf6fed69c40ba958c69d0644362b172d980ed145520d1bab6da2c33,pdfs/madrid/historia-de-espana/2023-modelo-modelo-uc3m-244a2772cd9c.pdf,8,,gpt-6-luna,p5,completed,False,,True,True,26,0,3,3,0,0,1,False
gpt-6-luna__p5,.,25fcf7208b8f,pipeline/salida/gpt-6-luna__p5/25fcf7208b8f.json,fb926ff4ceb6270eb9b15e6847bf4695ac118825a50b712e0eef6a5684de6fe9,pdfs/madrid/matematicas-ii/2022-ordinaria-examen-uc3m-25fcf7208b8f.pdf,7,,gpt-6-luna,p5,completed,True,,True,True,28,0,2,0,0,0,1,False
gpt-6-luna__p5,.,26b80e1966f5,pipeline/salida/gpt-6-luna__p5/26b80e1966f5.json,c133e43987c8ce7e718fe1e99c40216a013effb3a2b1e00e43be1be05bf46c4c,pdfs/madrid/historia-de-espana/2019-ordinaria-examen-uc3m-26b80e1966f5.pdf,3,,gpt-6-luna,p5,completed,False,,True,True,23,0,3,0,0,0,0,False
gpt-6-luna__p5,.,2787fc4d640f,pipeline/salida/gpt-6-luna__p5/2787fc4d640f.json,d4558b901b70748dea28c602a7b20598494b062494db0d92040bb5dbcc76475d,pdfs/madrid/quimica/2019-modelo-modelo-uc3m-2787fc4d640f.pdf,11,,gpt-6-luna,p5,completed,False,,True,True,46,0,0,5,0,1,0,False
gpt-6-luna__p5,.,28f5e820a133,pipeline/salida/gpt-6-luna__p5/28f5e820a133.json,26299a5512b88312f149da42c62f50492381305ed50abd5576a448f19ee0b6c3,pdfs/madrid/historia-de-espana/2020-extraordinaria-examen-coincidencias-uc3m-28f5e820a133.pdf,3,,gpt-6-luna,p5,completed,False,,True,True,26,0,3,3,0,0,0,False
gpt-6-luna__p5,.,297407c89a0a,pipeline/salida/gpt-6-luna__p5/297407c89a0a.json,909f1e6386eea86b33c31431bec2f04b10e241f3cfd1994e5b4a6f6ff0ff3ba6,pdfs/madrid/matematicas-ii/2026-extraordinaria-examen-uc3m-297407c89a0a.pdf,5,,gpt-6-luna,p5,completed,True,,True,True,19,0,0,1,0,0,0,False
gpt-6-luna__p5,.,2b2153c3b2ce,pipeline/salida/gpt-6-luna__p5/2b2153c3b2ce.json,5c0756c563232abe6892d2eca42920b858ca645af20d9e96486d4ccbe3fc1b1d,pdfs/madrid/lengua-castellana-y-literatura-ii/2021-ordinaria-examen-martes-uc3m-2b2153c3b2ce.pdf,6,,gpt-6-luna,p5,completed,True,,True,True,26,0,2,1,0,0,0,False
gpt-6-luna__p5,.,2d573323997e,pipeline/salida/gpt-6-luna__p5/2d573323997e.json,680dd5015002c36dc98d340d972d5949269a95235d70ee9f57a85e7db33cc1e9,pdfs/madrid/matematicas-ii/2025-extraordinaria-examen-coincidencias-uc3m-2d573323997e.pdf,7,,gpt-6-luna,p5,completed,True,,True,True,25,0,1,0,0,0,0,False
gpt-6-luna__p5,.,2d925fa916b9,pipeline/salida/gpt-6-luna__p5/2d925fa916b9.json,0ee336e65414d312315b2973f6faf5fdb91d668cef33ac9fdcb790b8d0779332,pdfs/madrid/matematicas-ii/2023-ordinaria-examen-coincidencias-uc3m-2d925fa916b9.pdf,8,,gpt-6-luna,p5,completed,True,,True,True,26,0,1,0,0,0,0,False
gpt-6-luna__p5,.,2e1486f4d824,pipeline/salida/gpt-6-luna__p5/2e1486f4d824.json,f989fc5f19d2dd4b39641059911b2669fea0ab434ff2dc10007704d6b0aeebf6,pdfs/comunidad-valenciana/ingles/2022-ordinaria-examen-umh-2e1486f4d824.pdf,4,,gpt-6-luna,p5,completed,False,,True,True,41,0,2,1,0,0,0,False
gpt-6-luna__p5,.,2f32a4ccbaab,pipeline/salida/gpt-6-luna__p5/2f32a4ccbaab.json,e5d0e4630ea176027d68313297e5d0e66f87474859883ef8bedfa138e3adfecc,pdfs/madrid/matematicas-ii/2018-extraordinaria-examen-uc3m-2f32a4ccbaab.pdf,4,,gpt-6-luna,p5,completed,True,,True,True,30,0,3,0,0,0,0,False
gpt-6-luna__p5,.,2f3ff3e8cb8c,pipeline/salida/gpt-6-luna__p5/2f3ff3e8cb8c.json,41b2b29fdc45b56d078f4dbfafbe7fd699bff1235127e486a86e804d8b10b1e2,pdfs/madrid/matematicas-ii/2019-extraordinaria-examen-uc3m-2f3ff3e8cb8c.pdf,4,,gpt-6-luna,p5,completed,True,,True,True,30,0,2,0,0,0,1,False
gpt-6-luna__p5,.,3068d1110070,pipeline/salida/gpt-6-luna__p5/3068d1110070.json,c9e1fe0edf70aa2d1f61d8a78572985154cd93f206e7f7394520d7a7721dfb9d,pdfs/pais-vasco/analisis-musical-ii/2011-extraordinaria-examen-ehu-3068d1110070.pdf,10,,gpt-6-luna,p5,completed,False,,True,True,18,0,3,2,0,0,4,False
gpt-6-luna__p5,.,317634da39e8,pipeline/salida/gpt-6-luna__p5/317634da39e8.json,04393ff626875bf995ed1d99a700ee1004b7795c61ff98e7cf3a8e5fdba4e912,pdfs/madrid/lengua-castellana-y-literatura-ii/2025-extraordinaria-examen-coincidencias-uc3m-317634da39e8.pdf,6,,gpt-6-luna,p5,completed,False,,True,True,21,0,1,1,0,0,0,False
gpt-6-luna__p5,.,32384d10aa13,pipeline/salida/gpt-6-luna__p5/32384d10aa13.json,2e5f8c6dfe49357e932086bb30936d2f4ab9438d92da9ee8dff657974248b78a,pdfs/madrid/historia-de-espana/2018-modelo-modelo-uc3m-32384d10aa13.pdf,14,,gpt-6-luna,p5,completed,False,,True,True,22,0,3,2,0,0,0,False
gpt-6-luna__p5,.,32e15229d4e3,pipeline/salida/gpt-6-luna__p5/32e15229d4e3.json,225a3902691a03be7b600bf8c5f0fa4b09dffaf7d3eef9db5bef79543bab9c28,pdfs/comunidad-valenciana/historia-de-espana/2015-ordinaria-examen-llibreta-32e15229d4e3.pdf,4,,gpt-6-luna,p5,completed,False,,True,True,14,0,4,3,0,0,0,False
gpt-6-luna__p5,.,334e3227bf82,pipeline/salida/gpt-6-luna__p5/334e3227bf82.json,16302c8b853b298487f9d32526b148357b046c9a5832905e84383371a4da2916,pdfs/comunidad-valenciana/historia-de-espana/2023-extraordinaria-examen-llibreta-334e3227bf82.pdf,6,,gpt-6-luna,p5,completed,False,,True,True,17,0,4,2,0,0,0,False
gpt-6-luna__p5,.,3469f9a1dc3e,pipeline/salida/gpt-6-luna__p5/3469f9a1dc3e.json,e34629ace96bfe9be0b63de05a945aa7eed75f28cf7b5f5063f0d928e4c91ab1,pdfs/comunidad-valenciana/historia-de-espana/2016-extraordinaria-examen-llibreta-3469f9a1dc3e.pdf,4,,gpt-6-luna,p5,completed,False,,True,True,14,0,4,3,0,0,1,False
gpt-6-luna__p5,.,36ac1674aa0b,pipeline/salida/gpt-6-luna__p5/36ac1674aa0b.json,89420232025a082c81dc0ab0943ee3c91b110c3f2cf3062e5e588df39e40ef0e,pdfs/comunidad-valenciana/lengua-castellana-y-literatura-ii/2011-ordinaria-examen-llibreta-36ac1674aa0b.pdf,2,,gpt-6-luna,p5,completed,False,,True,True,16,0,1,0,0,0,0,False
gpt-6-luna__p5,.,37d3ea174a4a,pipeline/salida/gpt-6-luna__p5/37d3ea174a4a.json,89aa0e3bbd15da926ce68bd881a7d64589f09b4d2583e42bbcffa43407d424e3,pdfs/madrid/lengua-castellana-y-literatura-ii/2026-ordinaria-examen-uc3m-37d3ea174a4a.pdf,6,,gpt-6-luna,p5,completed,False,,True,True,24,0,4,3,0,0,0,False
gpt-6-luna__p5,.,387b76d59962,pipeline/salida/gpt-6-luna__p5/387b76d59962.json,5e642e924e0256551f9e5f8477e4d9375dbe4191a7ffb47cac5fe7ab9cc7fe28,pdfs/madrid/matematicas-ii/2023-modelo-modelo-uc3m-387b76d59962.pdf,7,,gpt-6-luna,p5,completed,True,,True,True,29,0,0,1,0,0,0,False
gpt-6-luna__p5,.,389c79bb683d,pipeline/salida/gpt-6-luna__p5/389c79bb683d.json,900d8546d8b756ac0eda7f8cef53ebaa13d28ec83e7c0d6c510565f74521d533,pdfs/comunidad-valenciana/historia-de-espana/2024-ordinaria-examen-umh-389c79bb683d.pdf,6,,gpt-6-luna,p5,completed,False,,True,True,17,0,4,1,0,0,0,False
gpt-6-luna__p5,.,3999e499d821,pipeline/salida/gpt-6-luna__p5/3999e499d821.json,4063197cf4fcfa0bc13b3807516a83107bc3c4f66b11905509656a8b6050f206,pdfs/comunidad-valenciana/historia-de-espana/2025-extraordinaria-examen-dana-llibreta-3999e499d821.pdf,4,,gpt-6-luna,p5,completed,False,,True,True,14,0,2,2,0,0,0,False
gpt-6-luna__p5,.,3ad09f75385c,pipeline/salida/gpt-6-luna__p5/3ad09f75385c.json,ea7fec7d262197affa1b9fc31e6b8b233d812c002fc2bbd6de388460037300d7,pdfs/pais-vasco/tecnologia-e-ingenieria-ii/2011-extraordinaria-examen-ehu-3ad09f75385c.pdf,7,,gpt-6-luna,p5,completed,False,,True,True,32,0,7,2,0,0,0,False
gpt-6-luna__p5,.,3c134e1125e6,pipeline/salida/gpt-6-luna__p5/3c134e1125e6.json,960ab61ac7c9e5353282132ebd50bb5d607caa21ddfbb53214235ffae27e801d,pdfs/comunidad-valenciana/historia-de-espana/2026-ordinaria-examen-llibreta-3c134e1125e6.pdf,4,,gpt-6-luna,p5,completed,False,,True,True,14,0,2,2,0,0,0,False
gpt-6-luna__p5,.,3e33052fedf6,pipeline/salida/gpt-6-luna__p5/3e33052fedf6.json,ebf9d9388f6134bfc7421fc890ee6bbaadc1ef459b68581605339997ba21bffc,pdfs/madrid/matematicas-ii/2018-modelo-modelo-uc3m-3e33052fedf6.pdf,8,,gpt-6-luna,p5,completed,True,,True,True,31,0,2,4,0,0,0,False
gpt-6-luna__p5,.,3e560f6e17a7,pipeline/salida/gpt-6-luna__p5/3e560f6e17a7.json,74d875450c67a07c321def3b7235070b3d13d7ab42bfb7ab83ad4f3c385cb278,pdfs/pais-vasco/portugues/2011-ordinaria-examen-ehu-3e560f6e17a7.pdf,6,,gpt-6-luna,p5,completed,False,,True,True,34,0,2,3,0,0,0,False
gpt-6-luna__p5,.,4043dfadf4dd,pipeline/salida/gpt-6-luna__p5/4043dfadf4dd.json,9ed2c45e05553f8d9494a71890d7c791dbbca9d3faded752da3f1e7b033c72e3,pdfs/madrid/historia-de-espana/2019-modelo-modelo-uc3m-4043dfadf4dd.pdf,9,,gpt-6-luna,p5,completed,False,,True,True,23,0,3,0,0,0,0,False
gpt-6-luna__p5,.,41369b24aea3,pipeline/salida/gpt-6-luna__p5/41369b24aea3.json,fbd7db9b2c9c4d5e5a07173e674e003bb42c974b82bfb457d670a5fa1b8508e8,pdfs/comunidad-valenciana/historia-de-espana/2024-extraordinaria-examen-umh-41369b24aea3.pdf,6,,gpt-6-luna,p5,completed,False,,True,True,17,0,4,1,0,0,0,False
gpt-6-luna__p5,.,41fdc1fe038d,pipeline/salida/gpt-6-luna__p5/41fdc1fe038d.json,5e7b6af9f297b0a3422fb465047a636c541825f67c0f3c11d0420c2f130c6e55,pdfs/comunidad-valenciana/historia-de-espana/2013-extraordinaria-examen-umh-41fdc1fe038d.pdf,4,,gpt-6-luna,p5,completed,False,,True,True,14,0,4,1,0,1,2,False
gpt-6-luna__p5,.,423dd33e007e,pipeline/salida/gpt-6-luna__p5/423dd33e007e.json,03b2640745801e11997f12bc02691455e84a56ae5bd94e9ad5b93864127bd270,pdfs/madrid/matematicas-ii/2025-modelo-modelo-uc3m-423dd33e007e.pdf,7,,gpt-6-luna,p5,completed,True,,True,True,27,0,2,0,0,0,0,False
gpt-6-luna__p5,.,42576f6f84fc,pipeline/salida/gpt-6-luna__p5/42576f6f84fc.json,212911971ff10fec81d43aa4964444f32cc9c2a0a3f5246c50ad43c689a70c50,pdfs/comunidad-valenciana/lengua-castellana-y-literatura-ii/2020-extraordinaria-examen-umh-42576f6f84fc.pdf,3,,gpt-6-luna,p5,completed,False,,True,True,32,0,3,2,0,2,0,False
gpt-6-luna__p5,.,42e04e11e8ed,pipeline/salida/gpt-6-luna__p5/42e04e11e8ed.json,10972eecded306ca823bb545948fa019de9e046a3f0c0000c743114b1ace688a,pdfs/comunidad-valenciana/historia-de-espana/2010-extraordinaria-examen-llibreta-42e04e11e8ed.pdf,4,,gpt-6-luna,p5,completed,False,,True,True,18,0,4,1,0,0,0,False
gpt-6-luna__p5,.,43cb911fd6fb,pipeline/salida/gpt-6-luna__p5/43cb911fd6fb.json,df5935e42fca66a65228628047f3ed173a8f443ec7d5277edcead774eb4742a9,pdfs/madrid/lengua-castellana-y-literatura-ii/2025-extraordinaria-examen-uc3m-43cb911fd6fb.pdf,6,,gpt-6-luna,p5,completed,False,,True,True,21,0,1,1,0,0,0,False
gpt-6-luna__p5,.,43d8d44c5114,pipeline/salida/gpt-6-luna__p5/43d8d44c5114.json,7266192e213b5827d57d20592af5af165089bc9b053e28a31670c9d75ba55e9c,pdfs/madrid/historia-de-espana/2024-ordinaria-examen-coincidencias-uc3m-43d8d44c5114.pdf,7,,gpt-6-luna,p5,completed,False,,True,True,22,0,3,4,0,0,0,False
gpt-6-luna__p5,.,45c44a65437e,pipeline/salida/gpt-6-luna__p5/45c44a65437e.json,9962e5e02b2492e7b512641120db569a6e0af3eba3b482050c666f082c5ea521,pdfs/madrid/historia-de-espana/2018-extraordinaria-examen-uc3m-45c44a65437e.pdf,3,,gpt-6-luna,p5,completed,False,,True,True,22,0,3,0,0,0,0,False
gpt-6-luna__p5,.,46a7525321b4,pipeline/salida/gpt-6-luna__p5/46a7525321b4.json,86d6971b52ff50c9961f93baec62c7b046b535490b673ab0d1f525b66b5e2c77,pdfs/madrid/matematicas-ii/2023-ordinaria-examen-uc3m-46a7525321b4.pdf,8,,gpt-6-luna,p5,completed,True,,True,True,29,0,2,1,0,0,0,False
gpt-6-luna__p5,.,47ffbcd1fca6,pipeline/salida/gpt-6-luna__p5/47ffbcd1fca6.json,16db673c52a301abc84bc5df8340ebb15517e7794de0ad611534f8f0d0d6adb0,pdfs/madrid/matematicas-ii/2024-extraordinaria-examen-uc3m-47ffbcd1fca6.pdf,8,,gpt-6-luna,p5,completed,True,,True,True,26,0,2,1,0,0,0,False
gpt-6-luna__p5,.,488817140d92,pipeline/salida/gpt-6-luna__p5/488817140d92.json,dc5757cf35fbc68e8ce4a0cae6fb6c0f278a8afffa44b485070467cc23c07be8,pdfs/comunidad-valenciana/historia-de-espana/2012-ordinaria-examen-llibreta-488817140d92.pdf,4,,gpt-6-luna,p5,completed,False,,True,True,18,0,4,3,0,0,0,False
gpt-6-luna__p5,.,49e9ef3c3296,pipeline/salida/gpt-6-luna__p5/49e9ef3c3296.json,1d07176588d24a3616e1304a292bd77c63df9a9137e086da53e283250641183e,pdfs/pais-vasco/matematicas-ii/2026-extraordinaria-examen-ehu-49e9ef3c3296.pdf,4,,gpt-6-luna,p5,completed,False,,True,True,19,0,0,1,0,0,0,False
gpt-6-luna__p5,.,4a7c96ae2912,pipeline/salida/gpt-6-luna__p5/4a7c96ae2912.json,f003de21d7c908210ef423ebf136e2a0941933127f1b084263b00b0698e03842,pdfs/pais-vasco/historia-de-la-musica-y-de-la-danza/2012-extraordinaria-examen-ehu-4a7c96ae2912.pdf,15,,gpt-6-luna,p5,completed,False,,True,True,16,0,4,4,0,0,8,False
gpt-6-luna__p5,.,4a9b9f03ca14,pipeline/salida/gpt-6-luna__p5/4a9b9f03ca14.json,cce289cfa27c2e72fd3af49737f4ec8f43d04c94a26aa4737a19781a5ff4677a,pdfs/comunidad-valenciana/lengua-castellana-y-literatura-ii/2015-ordinaria-examen-umh-4a9b9f03ca14.pdf,2,,gpt-6-luna,p5,completed,False,,True,True,16,0,1,1,0,0,0,False
gpt-6-luna__p5,.,4afa0f0f8a54,pipeline/salida/gpt-6-luna__p5/4afa0f0f8a54.json,5467fc3a29dc89c6ef6cc2b45f7cb21e811c784d1c77351c6a472e3314f876a9,pdfs/madrid/coro-y-tecnica-vocal-ii/2025-ordinaria-examen-uc3m-4afa0f0f8a54.pdf,6,,gpt-6-luna,p5,completed,False,,True,True,29,0,6,3,0,0,1,False
gpt-6-luna__p5,.,4dcc02e32509,pipeline/salida/gpt-6-luna__p5/4dcc02e32509.json,25c28e70a4c642ebc9889b0338df94182fefe934500d5e1474d45b3b50d29561,pdfs/madrid/lengua-castellana-y-literatura-ii/2020-extraordinaria-examen-uc3m-4dcc02e32509.pdf,6,,gpt-6-luna,p5,completed,True,,True,True,26,0,2,4,0,0,0,False
gpt-6-luna__p5,.,4e4bbca013d1,pipeline/salida/gpt-6-luna__p5/4e4bbca013d1.json,4361aa7bc8a2a02f0ed352da57d7f0e164572a4b05ff34cb216124a8c2f1b89e,pdfs/comunidad-valenciana/lengua-castellana-y-literatura-ii/2024-ordinaria-examen-umh-4e4bbca013d1.pdf,4,,gpt-6-luna,p5,completed,False,,True,True,34,0,3,5,0,0,0,False
gpt-6-luna__p5,.,4e703d87e493,pipeline/salida/gpt-6-luna__p5/4e703d87e493.json,6def96e6e41ed06172dc7d0d438fcc87156f103d2d5e798a9a069c002fa9cfea,pdfs/comunidad-valenciana/historia-de-espana/2017-extraordinaria-examen-llibreta-4e703d87e493.pdf,4,,gpt-6-luna,p5,completed,False,,True,True,14,0,4,3,0,0,0,False
gpt-6-luna__p5,.,503de18296eb,pipeline/salida/gpt-6-luna__p5/503de18296eb.json,61ba8b9362768718d183ab996f2b2168ded8061d582b9c1fd9efb0623885ec85,pdfs/comunidad-valenciana/matematicas-ii/2020-ordinaria-examen-umh-503de18296eb.pdf,4,,gpt-6-luna,p5,completed,False,,True,True,24,0,0,2,0,0,0,False
gpt-6-luna__p5,.,5091bd5d23ad,pipeline/salida/gpt-6-luna__p5/5091bd5d23ad.json,efbd505f297b2f1a8814d50ec8fdfbd2c74cc3acb34fe5756eae69a89ac37f5a,pdfs/comunidad-valenciana/lengua-castellana-y-literatura-ii/2022-extraordinaria-examen-umh-5091bd5d23ad.pdf,4,,gpt-6-luna,p5,completed,False,,True,True,26,0,3,2,0,0,0,False
gpt-6-luna__p5,.,52d217fa097d,pipeline/salida/gpt-6-luna__p5/52d217fa097d.json,d59d0ab6fe7b25558f821e80cc4d8d2116377fed170a027799ce06b2c0ddb0b4,pdfs/madrid/lengua-castellana-y-literatura-ii/2026-extraordinaria-examen-coincidencias-uc3m-52d217fa097d.pdf,6,,gpt-6-luna,p5,completed,False,,True,True,24,0,3,5,0,0,0,False
gpt-6-luna__p5,.,53bf68f29024,pipeline/salida/gpt-6-luna__p5/53bf68f29024.json,63db207dc72d3e19df2ad25c9ae4bef457bd7bfe622216b972815cda5c136eda,pdfs/comunidad-valenciana/lengua-castellana-y-literatura-ii/2021-extraordinaria-examen-llibreta-53bf68f29024.pdf,4,,gpt-6-luna,p5,completed,False,,True,True,31,0,3,0,0,0,0,False
gpt-6-luna__p5,.,54df7fdb158b,pipeline/salida/gpt-6-luna__p5/54df7fdb158b.json,c7ebf5332e7ec94d0c7892d9308793ec8d2a18feec3245f8c9a948a5b737bf57,pdfs/comunidad-valenciana/lengua-castellana-y-literatura-ii/2012-extraordinaria-examen-llibreta-54df7fdb158b.pdf,2,,gpt-6-luna,p5,completed,False,,True,True,16,0,1,1,0,0,0,False
gpt-6-luna__p5,.,56bd7dc00fe3,pipeline/salida/gpt-6-luna__p5/56bd7dc00fe3.json,160e8a3c1a3e34519229f4ace068efda627f44900cae35a8c935a8e80380d9d3,pdfs/comunidad-valenciana/historia-del-arte/2024-ordinaria-examen-llibreta-56bd7dc00fe3.pdf,6,,gpt-6-luna,p5,completed,False,,True,True,8,0,8,1,0,0,0,False
gpt-6-luna__p5,.,56d8a75a668c,pipeline/salida/gpt-6-luna__p5/56d8a75a668c.json,f098f0a9743351e2c1d20d389dde01857f5fc5404e3cf4671219ae26780bd2e1,pdfs/comunidad-valenciana/historia-de-espana/2021-extraordinaria-examen-umh-56d8a75a668c.pdf,3,,gpt-6-luna,p5,completed,False,,True,True,17,0,4,2,0,0,0,False
gpt-6-luna__p5,.,570fa053e73a,pipeline/salida/gpt-6-luna__p5/570fa053e73a.json,4d6a0313b3cf9ecd0a4bb12fb850603fdc4a96b31d07c04fb1875bc28abacebe,pdfs/madrid/matematicas-ii/2020-extraordinaria-examen-uc3m-570fa053e73a.pdf,6,,gpt-6-luna,p5,completed,True,,True,True,34,0,0,2,0,0,0,False
gpt-6-luna__p5,.,57c556902e6d,pipeline/salida/gpt-6-luna__p5/57c556902e6d.json,e20ab3eb10f2f8be72ce2a82eaf44ebd9ec7860ec0615ecc18968b44cec125fb,pdfs/comunidad-valenciana/matematicas-ii/2024-extraordinaria-examen-umh-57c556902e6d.pdf,6,,gpt-6-luna,p5,completed,False,,True,True,29,0,1,1,0,0,0,False
gpt-6-luna__p5,.,57fdd40780e1,pipeline/salida/gpt-6-luna__p5/57fdd40780e1.json,cd76955ef6288190598107cc2b80967dd53a5157375b849ba2a6f0371a73f260,pdfs/comunidad-valenciana/matematicas-ii/2018-ordinaria-examen-umh-57fdd40780e1.pdf,4,,gpt-6-luna,p5,completed,False,,True,True,26,0,0,1,0,0,1,False
gpt-6-luna__p5,.,5a168e605053,pipeline/salida/gpt-6-luna__p5/5a168e605053.json,5fd90125b0aea86372eef734a91c243a9008a0a738caf3699a643a6ae3ab0181,pdfs/madrid/historia-de-espana/2021-ordinaria-examen-lunes-uc3m-5a168e605053.pdf,9,,gpt-6-luna,p5,completed,False,,True,True,28,0,3,2,0,1,0,False
gpt-6-luna__p5,.,5ac286f9ac79,pipeline/salida/gpt-6-luna__p5/5ac286f9ac79.json,96e1f4cb24f0ddaab2150e2645dc52c6d12a38b8456e51e319799e3e736b943d,pdfs/comunidad-valenciana/lengua-castellana-y-literatura-ii/2015-extraordinaria-examen-umh-5ac286f9ac79.pdf,2,,gpt-6-luna,p5,completed,False,,True,True,16,0,1,0,0,0,0,False
gpt-6-luna__p5,.,5bf79e24ec75,pipeline/salida/gpt-6-luna__p5/5bf79e24ec75.json,2eadebb61d21ed18f6e023cfac87632296d188c23563d78e01564c14744f47f9,pdfs/madrid/lengua-castellana-y-literatura-ii/2018-ordinaria-examen-uc3m-5bf79e24ec75.pdf,4,,gpt-6-luna,p5,completed,False,,True,True,26,0,2,0,0,0,0,False
gpt-6-luna__p5,.,5e8b4ad65b41,pipeline/salida/gpt-6-luna__p5/5e8b4ad65b41.json,435548e71eedd0da3290b45bb62f2c0c8ce519f13e7b8a37c4230f12c9815270,pdfs/madrid/historia-de-espana/2023-ordinaria-examen-martes-uc3m-5e8b4ad65b41.pdf,3,,gpt-6-luna,p5,completed,False,,True,True,26,0,3,1,0,0,0,False
gpt-6-luna__p5,.,619d7c4c0d6d,pipeline/salida/gpt-6-luna__p5/619d7c4c0d6d.json,aa2f94c42e689e5ff95efda57a068cfd1bc2545c96d3e39999cea6fef1ea707f,pdfs/comunidad-valenciana/matematicas-ii/2019-ordinaria-examen-umh-619d7c4c0d6d.pdf,4,,gpt-6-luna,p5,completed,False,,True,True,27,0,0,2,0,0,1,False
gpt-6-luna__p5,.,61e34b1b42fa,pipeline/salida/gpt-6-luna__p5/61e34b1b42fa.json,f02e7c9dead7b43e523cfc6e977c430f13246ee8984373cd4e6f557436302c12,pdfs/comunidad-valenciana/historia-de-espana/2025-modelo-modelo-cv-llibreta-61e34b1b42fa.pdf,2,,gpt-6-luna,p5,completed,False,,True,True,13,0,5,1,0,0,0,False
gpt-6-luna__p5,.,6286420bd955,pipeline/salida/gpt-6-luna__p5/6286420bd955.json,936d34c8f98402ca3d3347ac38ebbee7ca4e7e17df34f9abbf7bab43679b587a,pdfs/madrid/lengua-castellana-y-literatura-ii/2020-ordinaria-examen-coincidencias-uc3m-6286420bd955.pdf,6,,gpt-6-luna,p5,completed,True,,True,True,26,0,2,5,0,0,0,False
gpt-6-luna__p5,.,62b3755b8573,pipeline/salida/gpt-6-luna__p5/62b3755b8573.json,0b9787d473e4a3b7f44f01b6fd9a82afa1d9eada3ed63b894697b75feb7d00fc,pdfs/madrid/lengua-castellana-y-literatura-ii/2018-modelo-modelo-uc3m-62b3755b8573.pdf,4,,gpt-6-luna,p5,completed,True,,True,True,26,0,2,1,0,0,0,False
gpt-6-luna__p5,.,6426459db740,pipeline/salida/gpt-6-luna__p5/6426459db740.json,1b22460a13a93a86a3e301ac1e8a42ef81758fc9972ccd919b87f3a14a8ce9bf,pdfs/madrid/historia-de-espana/2021-extraordinaria-examen-uc3m-6426459db740.pdf,7,,gpt-6-luna,p5,completed,False,,True,True,28,0,3,2,0,1,0,False
gpt-6-luna__p5,.,6446ce8ed0cf,pipeline/salida/gpt-6-luna__p5/6446ce8ed0cf.json,ac12e19b824c19b4b86b65523f7c1871197ba38186302f161170afc09485fc61,pdfs/comunidad-valenciana/lengua-castellana-y-literatura-ii/2019-ordinaria-examen-llibreta-6446ce8ed0cf.pdf,2,,gpt-6-luna,p5,completed,False,,True,True,16,0,1,1,0,0,0,False
gpt-6-luna__p5,.,64e2509df555,pipeline/salida/gpt-6-luna__p5/64e2509df555.json,4fca268b19c2444f4a3732bc8d7a557ead95e84a53a1efaa0ed5b8124bf93b9a,pdfs/comunidad-valenciana/matematicas-ii/2022-ordinaria-examen-umh-64e2509df555.pdf,3,,gpt-6-luna,p5,completed,False,,True,True,23,0,0,0,0,0,0,False
gpt-6-luna__p5,.,659fff1375be,pipeline/salida/gpt-6-luna__p5/659fff1375be.json,54029edc760e6702f520a95f3a817117e69fe1cb54fd4e091b95cd50ea7596c4,pdfs/madrid/lengua-castellana-y-literatura-ii/2023-ordinaria-examen-martes-uc3m-659fff1375be.pdf,6,,gpt-6-luna,p5,completed,True,,True,True,26,0,2,1,0,0,0,False
gpt-6-luna__p5,.,6649ce9eecb2,pipeline/salida/gpt-6-luna__p5/6649ce9eecb2.json,15f11ba0225996debdcbbbd46a7179d83aee1dbb1ab33beee8aeae092ee69005,pdfs/comunidad-valenciana/lengua-castellana-y-literatura-ii/2023-ordinaria-examen-umh-6649ce9eecb2.pdf,4,,gpt-6-luna,p5,completed,False,,True,True,25,0,3,0,0,0,0,False
gpt-6-luna__p5,.,67eea232db63,pipeline/salida/gpt-6-luna__p5/67eea232db63.json,abd4e2fc9ec423006e9d7df829ee95a7332fd2edccfd31c3a6f10874db27fd4a,pdfs/pais-vasco/dibujo-tecnico-ii/2024-extraordinaria-examen-ehu-67eea232db63.pdf,22,,gpt-6-luna,p5,completed,False,,True,True,13,0,20,0,0,0,0,False
gpt-6-luna__p5,.,68febd0b4352,pipeline/salida/gpt-6-luna__p5/68febd0b4352.json,dd118b81ce368e303b5ba9205181d3756db2efd78c17f66517a7e54004f609ae,pdfs/pais-vasco/latin-ii/2022-extraordinaria-examen-ehu-68febd0b4352.pdf,8,,gpt-6-luna,p5,completed,False,,True,True,22,0,4,3,0,0,0,False
gpt-6-luna__p5,.,698abffe77ea,pipeline/salida/gpt-6-luna__p5/698abffe77ea.json,5e9b93aefadf8246eff2a650b51906e5ea4b7908b5b47d956283f90f80e429f7,pdfs/comunidad-valenciana/historia-de-espana/2020-extraordinaria-examen-umh-698abffe77ea.pdf,4,,gpt-6-luna,p5,completed,False,,True,True,17,0,4,2,0,0,0,False
gpt-6-luna__p5,.,6a2a804ce68f,pipeline/salida/gpt-6-luna__p5/6a2a804ce68f.json,ecf227957057b35df4b5e05b41fa3d0d85432337ed6c35396077c738e31ca716,pdfs/comunidad-valenciana/quimica/2016-ordinaria-examen-umh-6a2a804ce68f.pdf,4,,gpt-6-luna,p5,completed,False,,True,True,45,0,0,2,0,0,0,False
gpt-6-luna__p5,.,6bfd1db9d487,pipeline/salida/gpt-6-luna__p5/6bfd1db9d487.json,40f12da53eb9ee4804cc4974221e0200e3a7b599e4f39d055837031e6df8266b,pdfs/madrid/lengua-castellana-y-literatura-ii/2019-ordinaria-examen-uc3m-6bfd1db9d487.pdf,4,,gpt-6-luna,p5,completed,True,,True,True,26,0,2,0,0,0,0,False
gpt-6-luna__p5,.,6e24013db05c,pipeline/salida/gpt-6-luna__p5/6e24013db05c.json,811eb3befcfbfdcb9628ccca2b4f2076222d1566d5b77304b13a1815b5ecac9d,pdfs/madrid/lengua-castellana-y-literatura-ii/2022-ordinaria-examen-coincidencias-uc3m-6e24013db05c.pdf,6,,gpt-6-luna,p5,completed,True,,True,True,26,0,2,4,0,0,0,False
gpt-6-luna__p5,.,7159ec231c04,pipeline/salida/gpt-6-luna__p5/7159ec231c04.json,e47d9c9024f32298a2f52f7967be29730edd68b4ce411001e660c92aa861a6ca,pdfs/madrid/matematicas-ii/2024-ordinaria-examen-coincidencias-uc3m-7159ec231c04.pdf,8,,gpt-6-luna,p5,completed,True,,True,True,25,0,2,0,0,0,0,False
gpt-6-luna__p5,.,7241ab1f5341,pipeline/salida/gpt-6-luna__p5/7241ab1f5341.json,a2540b7828738767396bdd2a726d99896650bbfcaa07f84b18aed0b54614f5b2,pdfs/comunidad-valenciana/lengua-castellana-y-literatura-ii/2016-ordinaria-examen-umh-7241ab1f5341.pdf,2,,gpt-6-luna,p5,completed,False,,True,True,16,0,1,2,0,0,0,False
gpt-6-luna__p5,.,73126b12ba41,pipeline/salida/gpt-6-luna__p5/73126b12ba41.json,877ab148e7726cc1970fb6f36895ef40202712a8e56384bc127c19c207f5bdbd,pdfs/comunidad-valenciana/matematicas-ii/2019-extraordinaria-examen-umh-73126b12ba41.pdf,4,,gpt-6-luna,p5,completed,False,,True,True,27,0,0,1,0,0,0,False
gpt-6-luna__p5,.,7336bed75af4,pipeline/salida/gpt-6-luna__p5/7336bed75af4.json,ed9b31cfef2ad59a14d37d00fd7d5859d69cffca4cd3154ccf66837bf9752a49,pdfs/comunidad-valenciana/historia-de-espana/2018-extraordinaria-examen-llibreta-7336bed75af4.pdf,4,,gpt-6-luna,p5,completed,False,,True,True,14,0,4,2,0,0,0,False
gpt-6-luna__p5,.,73d799a38839,pipeline/salida/gpt-6-luna__p5/73d799a38839.json,64313cf0bb37e89730958652e7e36c0bf476aa4a02268747896819aac57b7111,pdfs/pais-vasco/lengua-vasca-y-literatura-ii/2025-ordinaria-examen-ehu-73d799a38839.pdf,5,,gpt-6-luna,p5,completed,False,,True,True,54,0,2,0,0,0,0,False
gpt-6-luna__p5,.,785105ac7ec2,pipeline/salida/gpt-6-luna__p5/785105ac7ec2.json,8b962ceea1b950490f61144e71a677e99bbd99984422a08bf029777b03525781,pdfs/madrid/aleman/2018-ordinaria-examen-uc3m-785105ac7ec2.pdf,5,,gpt-6-luna,p5,completed,False,,True,True,35,0,2,3,0,0,0,False
gpt-6-luna__p5,.,78f2610feda8,pipeline/salida/gpt-6-luna__p5/78f2610feda8.json,4635f05b14e6aac7cf4e071fde3d5e5d6a0704b794c3ac28b994adfbbbd92e48,pdfs/madrid/matematicas-ii/2019-ordinaria-examen-uc3m-78f2610feda8.pdf,4,,gpt-6-luna,p5,completed,True,,True,True,28,0,2,0,0,0,0,False
gpt-6-luna__p5,.,794badfb1034,pipeline/salida/gpt-6-luna__p5/794badfb1034.json,fb820a87c77a25ea06dfdddc3a6cadc2e7ebc3a41621ed75cfb3499ba8df4728,pdfs/madrid/matematicas-ii/2026-extraordinaria-examen-coincidencias-uc3m-794badfb1034.pdf,5,,gpt-6-luna,p5,completed,True,,True,True,23,0,0,2,0,0,1,False
gpt-6-luna__p5,.,79bbdbfe8cb1,pipeline/salida/gpt-6-luna__p5/79bbdbfe8cb1.json,e2c44b220348ff15c94652fd54fd53f337edf4198f813ef8ecc96d63a20a0977,pdfs/madrid/lengua-castellana-y-literatura-ii/2022-modelo-modelo-uc3m-79bbdbfe8cb1.pdf,8,,gpt-6-luna,p5,completed,True,,True,True,26,0,2,2,0,0,0,False
gpt-6-luna__p5,.,7a299e5b3671,pipeline/salida/gpt-6-luna__p5/7a299e5b3671.json,387683f350544b826bf1f484df8a1f21a4a56d7c137f96ac3877b3f433674ccb,pdfs/madrid/lengua-castellana-y-literatura-ii/2022-ordinaria-examen-martes-uc3m-7a299e5b3671.pdf,6,,gpt-6-luna,p5,completed,True,,True,True,26,0,2,2,0,0,0,False
gpt-6-luna__p5,.,7a8748608425,pipeline/salida/gpt-6-luna__p5/7a8748608425.json,2ced851cf4f02eb14abf9db11fe06eea5810b0b2f0e3a300e3232da02eef8b4a,pdfs/comunidad-valenciana/historia-de-espana/2019-ordinaria-examen-umh-7a8748608425.pdf,4,,gpt-6-luna,p5,completed,False,,True,True,14,0,4,2,0,0,0,False
gpt-6-luna__p5,.,7e1bad7a80fd,pipeline/salida/gpt-6-luna__p5/7e1bad7a80fd.json,2d46e0b72cc13e5e1b2f0e7fa58180072abb5fa8f8d09a1979cfee93499ed4c0,pdfs/pais-vasco/ciencias-generales/2025-ordinaria-examen-ehu-7e1bad7a80fd.pdf,7,,gpt-6-luna,p5,completed,False,,True,True,37,0,7,4,0,0,3,False
gpt-6-luna__p5,.,7f137014114d,pipeline/salida/gpt-6-luna__p5/7f137014114d.json,95fc689f54bf82210cc1db940cce513557c629a1006ae197585fa9771f693241,pdfs/madrid/historia-de-espana/2020-ordinaria-examen-lunes-uc3m-7f137014114d.pdf,3,,gpt-6-luna,p5,completed,False,,True,True,26,0,3,1,0,0,0,False
gpt-6-luna__p5,.,81564bef5faa,pipeline/salida/gpt-6-luna__p5/81564bef5faa.json,b3a92b8549a48755d67d336b09f369037a64bf4b088b6e73506c384460675503,pdfs/madrid/matematicas-ii/2021-modelo-modelo-uc3m-81564bef5faa.pdf,8,,gpt-6-luna,p5,completed,True,,True,True,33,0,0,2,0,0,0,False
gpt-6-luna__p5,.,8298a6121d59,pipeline/salida/gpt-6-luna__p5/8298a6121d59.json,e38d12ffff7f217e5f51ef469608367415f30f2ebc23b77f9563ac776a3043d5,pdfs/comunidad-valenciana/fisica/2019-extraordinaria-examen-umh-8298a6121d59.pdf,2,,gpt-6-luna,p5,completed,False,,True,True,11,0,2,1,0,0,0,False
gpt-6-luna__p5,.,838c30ae94d8,pipeline/salida/gpt-6-luna__p5/838c30ae94d8.json,1404732b2e2df34dce52bdac246e2ff344bc40d96293ed9823822348b38ea016,pdfs/comunidad-valenciana/lengua-castellana-y-literatura-ii/2012-ordinaria-examen-llibreta-838c30ae94d8.pdf,2,,gpt-6-luna,p5,completed,False,,True,True,16,0,1,0,0,0,0,False
gpt-6-luna__p5,.,84c4013b5265,pipeline/salida/gpt-6-luna__p5/84c4013b5265.json,aacd97d80b28248225a7fec045f7de5dc7071535cff2416beab0229c3a22529a,pdfs/madrid/lengua-castellana-y-literatura-ii/2023-modelo-modelo-uc3m-84c4013b5265.pdf,8,,gpt-6-luna,p5,completed,True,,True,True,26,0,2,1,0,0,0,False
gpt-6-luna__p5,.,85dac4a830fa,pipeline/salida/gpt-6-luna__p5/85dac4a830fa.json,288256548ab8e44c99ae30c4fcb041f4d1bb82976fa2442c230ea9d4630e9308,pdfs/madrid/historia-de-la-filosofia/2019-extraordinaria-examen-uc3m-85dac4a830fa.pdf,3,,gpt-6-luna,p5,completed,False,,True,True,10,0,2,0,0,0,0,False
gpt-6-luna__p5,.,86f7a5b9022d,pipeline/salida/gpt-6-luna__p5/86f7a5b9022d.json,7246635785c56baedc1a62fa4c848111adf0eb076905318c092806e9612ec61f,pdfs/madrid/lengua-castellana-y-literatura-ii/2023-extraordinaria-examen-lunes-uc3m-86f7a5b9022d.pdf,6,,gpt-6-luna,p5,completed,True,,True,True,26,0,2,4,0,0,0,False
gpt-6-luna__p5,.,872e799df038,pipeline/salida/gpt-6-luna__p5/872e799df038.json,e0cfd675feb3fb32db26ab326e503dbdf53e25f53119badeed82cf0d5fc8087e,pdfs/madrid/historia-de-espana/2025-ordinaria-examen-uc3m-872e799df038.pdf,5,,gpt-6-luna,p5,completed,False,,True,True,23,0,3,0,0,0,0,False
gpt-6-luna__p5,.,873535963f9d,pipeline/salida/gpt-6-luna__p5/873535963f9d.json,e4e9845133ccf22441591a9ac4f6a5fa603e7e15ed059a42de435b807b14baea,pdfs/comunidad-valenciana/historia-de-espana/2017-ordinaria-examen-llibreta-873535963f9d.pdf,4,,gpt-6-luna,p5,completed,False,,True,True,18,0,4,5,0,0,0,False
gpt-6-luna__p5,.,89098e676403,pipeline/salida/gpt-6-luna__p5/89098e676403.json,90cf01ed3895b345d73dab4427f7484e00192b8b84a5ffe2efc94c60e4002853,pdfs/madrid/historia-de-espana/2023-ordinaria-examen-lunes-uc3m-89098e676403.pdf,3,,gpt-6-luna,p5,completed,False,,True,True,26,0,3,2,0,0,0,False
gpt-6-luna__p5,.,894b8afeb2b8,pipeline/salida/gpt-6-luna__p5/894b8afeb2b8.json,f651b48a48a768c8e85c4fe9657ec2ded0f7e15b91ecf38d73e0ef3a00fc4fa1,pdfs/madrid/lengua-castellana-y-literatura-ii/2021-ordinaria-examen-lunes-uc3m-894b8afeb2b8.pdf,6,,gpt-6-luna,p5,completed,True,,True,True,26,0,2,1,0,0,0,False
gpt-6-luna__p5,.,8a6f0c48cf59,pipeline/salida/gpt-6-luna__p5/8a6f0c48cf59.json,098661997e46ad1f323300e6d2cb23238dd5b1d97d00869256fab3d6825beeca,pdfs/madrid/lengua-castellana-y-literatura-ii/2024-ordinaria-examen-martes-uc3m-8a6f0c48cf59.pdf,6,,gpt-6-luna,p5,completed,False,,True,True,26,0,2,1,0,0,0,False
gpt-6-luna__p5,.,8ab0c6fffdcf,pipeline/salida/gpt-6-luna__p5/8ab0c6fffdcf.json,842d2b9bc89ef5d1fcb5f0017e23bc0379df014935fe087515a0426e333cdcc9,pdfs/comunidad-valenciana/matematicas-ii/2016-ordinaria-examen-umh-8ab0c6fffdcf.pdf,4,,gpt-6-luna,p5,completed,False,,True,True,27,0,0,3,0,0,0,False
gpt-6-luna__p5,.,8d4709dd94fc,pipeline/salida/gpt-6-luna__p5/8d4709dd94fc.json,aaaffd6c00720ce385900b4a7c144d44ae8a7d03da6f39147ecaf06c609de384,pdfs/madrid/historia-de-espana/2022-extraordinaria-examen-uc3m-8d4709dd94fc.pdf,3,,gpt-6-luna,p5,completed,False,,True,True,26,0,3,3,0,0,1,False
gpt-6-luna__p5,.,8daec23be074,pipeline/salida/gpt-6-luna__p5/8daec23be074.json,4a6d25e1d256fc77574df39c0a5f0efd4c5ae1c4d61447738c0e75d2500427ed,pdfs/madrid/cultura-audiovisual/2023-ordinaria-examen-uc3m-8daec23be074.pdf,9,,gpt-6-luna,p5,completed,False,,True,True,32,0,3,2,0,0,0,False
gpt-6-luna__p5,.,8f1700eef6e5,pipeline/salida/gpt-6-luna__p5/8f1700eef6e5.json,07bfb577c5ef63826f082fb5de7e153e20c3d6fbc7d934bedc9f00d3d35f82b0,pdfs/comunidad-valenciana/historia-de-espana/2016-ordinaria-examen-llibreta-8f1700eef6e5.pdf,4,,gpt-6-luna,p5,completed,False,,True,True,14,0,4,2,0,0,0,False
gpt-6-luna__p5,.,9079cba0f003,pipeline/salida/gpt-6-luna__p5/9079cba0f003.json,f415f0718836530faacb1c2e75c80717c5093814cb8a4a504210ed8187348bfe,pdfs/comunidad-valenciana/historia-de-espana/2025-ordinaria-examen-umh-9079cba0f003.pdf,4,,gpt-6-luna,p5,completed,False,,True,True,14,0,2,1,0,0,0,False
gpt-6-luna__p5,.,907fb92539f2,pipeline/salida/gpt-6-luna__p5/907fb92539f2.json,af969fc0c56a39833d651e8049caa0989c5171ff4067b227cda10a5a3ecdb017,pdfs/comunidad-valenciana/lengua-castellana-y-literatura-ii/2017-extraordinaria-examen-umh-907fb92539f2.pdf,2,,gpt-6-luna,p5,completed,False,,True,True,20,0,1,3,0,0,0,False
gpt-6-luna__p5,.,90a0459332b9,pipeline/salida/gpt-6-luna__p5/90a0459332b9.json,4c784a3d663f9edc7fb8b93ed389152c17b64062d1dd439c8a8473d2f205a98a,pdfs/madrid/historia-de-espana/2026-extraordinaria-examen-coincidencias-uc3m-90a0459332b9.pdf,5,,gpt-6-luna,p5,completed,False,,True,True,23,0,3,0,0,0,0,False
gpt-6-luna__p5,.,90dce8c112ac,pipeline/salida/gpt-6-luna__p5/90dce8c112ac.json,7b852a97db03c3ba828f53f1ed173f49ceed13e603434701996189ccc80dd8ca,pdfs/madrid/historia-de-espana/2023-ordinaria-examen-coincidencias-uc3m-90dce8c112ac.pdf,3,,gpt-6-luna,p5,completed,False,,True,True,26,0,3,3,0,0,0,False
gpt-6-luna__p5,.,91449450587c,pipeline/salida/gpt-6-luna__p5/91449450587c.json,0d5dc7bd914acde2cb6c60b1d120ac649234b94f2df7f4eefc5b206ebca9cf88,pdfs/comunidad-valenciana/fisica/2025-ordinaria-examen-umh-91449450587c.pdf,4,,gpt-6-luna,p5,completed,False,,True,True,24,0,4,1,0,0,0,False
gpt-6-luna__p5,.,929807ad22eb,pipeline/salida/gpt-6-luna__p5/929807ad22eb.json,f62d6447432daf4d7c45f1d3aa0e37bad8421dd896ec073916c7f437d14bff3f,pdfs/comunidad-valenciana/lengua-castellana-y-literatura-ii/2022-ordinaria-examen-umh-929807ad22eb.pdf,4,,gpt-6-luna,p5,completed,False,,True,True,31,0,3,1,0,0,0,False
gpt-6-luna__p5,.,930487e13b75,pipeline/salida/gpt-6-luna__p5/930487e13b75.json,e789de3bc4a18554534bb47f7941873a1656195e115ed55e46f7fe395efbeaa4,pdfs/comunidad-valenciana/historia-de-espana/2025-extraordinaria-examen-umh-930487e13b75.pdf,4,,gpt-6-luna,p5,completed,False,,True,True,14,0,2,3,0,0,0,False
gpt-6-luna__p5,.,933b666312f9,pipeline/salida/gpt-6-luna__p5/933b666312f9.json,314ad30bf78e85bf57ecfea8d46255d082d70215b03b069a44e87850d18721da,pdfs/madrid/geografia/2019-ordinaria-examen-uc3m-933b666312f9.pdf,8,,gpt-6-luna,p5,completed,False,,True,True,50,0,7,0,0,0,0,False
gpt-6-luna__p5,.,93dc23ff9203,pipeline/salida/gpt-6-luna__p5/93dc23ff9203.json,8347e604ee60d47169d61f0a79f2db91aa1cc04db9273fa976262b9035ca0b3a,pdfs/comunidad-valenciana/historia-de-espana/2023-ordinaria-examen-llibreta-93dc23ff9203.pdf,4,,gpt-6-luna,p5,completed,False,,True,True,17,0,4,4,0,0,0,False
gpt-6-luna__p5,.,942b1778f510,pipeline/salida/gpt-6-luna__p5/942b1778f510.json,1c9a829608111a27f4f5e6c68c6e200ebb7e431d5a384ad42a443047a6fb2d06,pdfs/comunidad-valenciana/lengua-castellana-y-literatura-ii/2018-extraordinaria-examen-umh-942b1778f510.pdf,2,,gpt-6-luna,p5,completed,False,,True,True,16,0,1,2,0,0,0,False
gpt-6-luna__p5,.,9467e9ab2b2f,pipeline/salida/gpt-6-luna__p5/9467e9ab2b2f.json,a8bee99737d201768377852f0c57d1c091e856982ee57451d106f409fd11d240,pdfs/madrid/lengua-castellana-y-literatura-ii/2024-ordinaria-examen-lunes-uc3m-9467e9ab2b2f.pdf,6,,gpt-6-luna,p5,completed,True,,True,True,26,0,2,1,0,0,0,False
gpt-6-luna__p5,.,956df9272cca,pipeline/salida/gpt-6-luna__p5/956df9272cca.json,953a1c6d48023af6196494d6988885b5444bced689d61acff4e0d04f4301236d,pdfs/comunidad-valenciana/matematicas-ii/2017-extraordinaria-examen-umh-956df9272cca.pdf,4,,gpt-6-luna,p5,completed,False,,True,True,27,0,0,3,0,0,0,False
gpt-6-luna__p5,.,98dbad03a155,pipeline/salida/gpt-6-luna__p5/98dbad03a155.json,e000af383ba6286ad4d39a3701020bf5932c326715662949a721326ac6b50ee8,pdfs/comunidad-valenciana/historia-de-espana/2026-modelo-modelo-llibreta-98dbad03a155.pdf,9,,gpt-6-luna,p5,completed,False,,True,True,15,0,2,1,0,0,0,False
gpt-6-luna__p5,.,98f921b58193,pipeline/salida/gpt-6-luna__p5/98f921b58193.json,81e6adc7539de43087a159ff8ea0acf73332ac33eee865b874e670ae9c7c77e8,pdfs/comunidad-valenciana/historia-de-espana/2011-ordinaria-examen-llibreta-98f921b58193.pdf,4,,gpt-6-luna,p5,completed,False,,True,True,14,0,4,2,0,0,0,False
gpt-6-luna__p5,.,9a5ffea388d0,pipeline/salida/gpt-6-luna__p5/9a5ffea388d0.json,98c34ab6f78a2563fba369964cd8c98c6d01c816e9045bc9179cc8d36bbf1421,pdfs/madrid/historia-de-espana/2025-extraordinaria-examen-uc3m-9a5ffea388d0.pdf,5,,gpt-6-luna,p5,completed,False,,True,True,23,0,3,0,0,0,0,False
gpt-6-luna__p5,.,9c232efc4ff3,pipeline/salida/gpt-6-luna__p5/9c232efc4ff3.json,d00c4da41b1300f2213bcdaa25db270503dcad6b9262c9d130638f240cfb92bb,pdfs/madrid/historia-de-espana/2024-modelo-modelo-uc3m-9c232efc4ff3.pdf,7,,gpt-6-luna,p5,completed,False,,True,True,22,0,3,4,0,0,0,False
gpt-6-luna__p5,.,9c4cbc92103b,pipeline/salida/gpt-6-luna__p5/9c4cbc92103b.json,34326ee35f29ded39e10e0f6024bb4d7b7fb3defe676a9a4b50eaeede9b2eb4c,pdfs/madrid/frances/2025-extraordinaria-examen-coincidencias-uc3m-9c4cbc92103b.pdf,10,,gpt-6-luna,p5,completed,False,,True,True,33,0,3,2,0,0,0,False
gpt-6-luna__p5,.,9c694c304495,pipeline/salida/gpt-6-luna__p5/9c694c304495.json,a6324313c8b92179d096d67dc89f7c249dd8002b6ff39647d6c8d2251525b874,pdfs/comunidad-valenciana/lengua-castellana-y-literatura-ii/2026-extraordinaria-examen-llibreta-9c694c304495.pdf,3,,gpt-6-luna,p5,completed,False,,True,True,22,0,2,2,0,0,0,False
gpt-6-luna__p5,.,9c6c1758e986,pipeline/salida/gpt-6-luna__p5/9c6c1758e986.json,fa12aedad39aab8b0e85ae315414b1605b0248df56bf45fb3e055d4d64ce3c1c,pdfs/madrid/matematicas-ii/2022-modelo-modelo-uc3m-9c6c1758e986.pdf,7,,gpt-6-luna,p5,completed,True,,True,True,28,0,0,0,0,0,0,False
gpt-6-luna__p5,.,9d2c2caffedb,pipeline/salida/gpt-6-luna__p5/9d2c2caffedb.json,33e77e9f11c1cf384bd46847f793a9c8cf0f0d578cd6c55e3bc96262aba7f662,pdfs/madrid/matematicas-ii/2023-extraordinaria-examen-uc3m-9d2c2caffedb.pdf,8,,gpt-6-luna,p5,completed,True,,True,True,30,0,2,0,0,0,0,False
gpt-6-luna__p5,.,9d70af4a5d41,pipeline/salida/gpt-6-luna__p5/9d70af4a5d41.json,39e3c51db97f892a9bf0099595034b9dae3df243c242d9c6572deb7ff5e26a7f,pdfs/madrid/lengua-castellana-y-literatura-ii/2026-extraordinaria-examen-uc3m-9d70af4a5d41.pdf,6,,gpt-6-luna,p5,completed,False,,True,True,24,0,4,5,0,0,0,False
gpt-6-luna__p5,.,9e8570ee562e,pipeline/salida/gpt-6-luna__p5/9e8570ee562e.json,c8d9a743ca30aece013445f40edea41f682aa8444410a5f181e10dbb620c3d3a,pdfs/pais-vasco/matematicas-ii/2021-ordinaria-examen-ehu-9e8570ee562e.pdf,12,,gpt-6-luna,p5,completed,False,,True,True,27,0,1,0,0,0,0,False
gpt-6-luna__p5,.,a05dd314b1f2,pipeline/salida/gpt-6-luna__p5/a05dd314b1f2.json,ef30a7bb10c0521a58752acb635c8615c59de85c7692fced4c8a9b3fea7fc85a,pdfs/madrid/literatura-dramatica/2026-extraordinaria-examen-uc3m-a05dd314b1f2.pdf,6,,gpt-6-luna,p5,completed,False,,True,True,24,0,2,0,0,0,0,False
gpt-6-luna__p5,.,a0e4c2414f7c,pipeline/salida/gpt-6-luna__p5/a0e4c2414f7c.json,0254c1e4d265eca1e03e04ade91b9db0156050c850a93fe4a98ede54b2d99d70,pdfs/comunidad-valenciana/lengua-castellana-y-literatura-ii/2026-ordinaria-examen-llibreta-a0e4c2414f7c.pdf,3,,gpt-6-luna,p5,completed,False,,True,True,23,0,2,2,0,0,0,False
gpt-6-luna__p5,.,a1bdfb201724,pipeline/salida/gpt-6-luna__p5/a1bdfb201724.json,0570eeda08cb024dcd97fc7a4ddacbb224eb097144aec85d15eff9b18827ce1c,pdfs/comunidad-valenciana/lengua-castellana-y-literatura-ii/2010-extraordinaria-examen-llibreta-a1bdfb201724.pdf,2,,gpt-6-luna,p5,completed,False,,True,True,14,0,2,0,0,0,0,False
gpt-6-luna__p5,.,a25ae1a53c4f,pipeline/salida/gpt-6-luna__p5/a25ae1a53c4f.json,dd6bdf31583e7276b66ea7ddf8948441170fe026d322d3e8c31adfced98390c4,pdfs/madrid/historia-de-espana/2022-ordinaria-examen-lunes-uc3m-a25ae1a53c4f.pdf,3,,gpt-6-luna,p5,completed,False,,True,True,29,0,3,1,0,1,1,False
gpt-6-luna__p5,.,a2af56a74785,pipeline/salida/gpt-6-luna__p5/a2af56a74785.json,8e771820ae4a1c639f916878c54b94716190ad9dc63b03938d090f43e2fc9547,pdfs/pais-vasco/geologia-y-ciencias-ambientales/2026-extraordinaria-examen-ehu-a2af56a74785.pdf,8,,gpt-6-luna,p5,completed,False,,True,True,38,0,13,3,0,0,2,False
gpt-6-luna__p5,.,a46252664577,pipeline/salida/gpt-6-luna__p5/a46252664577.json,daec62218632f86dbdb27256cd058326168fa119b342ecf7deac0d94b5e28024,pdfs/madrid/historia-de-espana/2020-ordinaria-examen-martes-uc3m-a46252664577.pdf,3,,gpt-6-luna,p5,completed,False,,True,True,26,0,3,3,0,0,0,False
gpt-6-luna__p5,.,a48e0ad45b08,pipeline/salida/gpt-6-luna__p5/a48e0ad45b08.json,95848c9cd27e0fea9f8c257f0850e5ffd3f674f764b260b8b78faf37179c1440,pdfs/comunidad-valenciana/lengua-castellana-y-literatura-ii/2020-ordinaria-examen-umh-a48e0ad45b08.pdf,3,,gpt-6-luna,p5,completed,False,,True,True,26,0,3,4,0,0,0,False
gpt-6-luna__p5,.,a64fafe8c661,pipeline/salida/gpt-6-luna__p5/a64fafe8c661.json,57bf1a6b16908b14e2fcd6602f1daac26cf971fdf07194bd0800d035396e705c,pdfs/comunidad-valenciana/historia-de-espana/2014-ordinaria-examen-umh-a64fafe8c661.pdf,4,,gpt-6-luna,p5,completed,False,,True,True,16,0,4,2,0,0,0,False
gpt-6-luna__p5,.,a657e3b0b744,pipeline/salida/gpt-6-luna__p5/a657e3b0b744.json,b283d989971aa2bba10586788c1ad93b7cce93cf7b1019faa8803ba7b41c0b27,pdfs/comunidad-valenciana/lengua-castellana-y-literatura-ii/2025-extraordinaria-examen-dana-llibreta-a657e3b0b744.pdf,3,,gpt-6-luna,p5,completed,False,,True,True,22,0,2,3,0,0,0,False
gpt-6-luna__p5,.,a776d935bdc1,pipeline/salida/gpt-6-luna__p5/a776d935bdc1.json,f4aca9a92cf641555188c4cb216c6e2f8aac3db7068b26ac856ed58bcf1bc81f,pdfs/madrid/historia-de-espana/2022-ordinaria-examen-martes-uc3m-a776d935bdc1.pdf,3,,gpt-6-luna,p5,completed,False,,True,True,26,0,3,2,0,0,0,False
gpt-6-luna__p5,.,a91229e62578,pipeline/salida/gpt-6-luna__p5/a91229e62578.json,78644a0b33b038e36b03a03aca9d059f0e2da975f6e670ec5d830e89c91191cf,pdfs/comunidad-valenciana/fundamentos-artisticos/2026-modelo-modelo-llibreta-a91229e62578.pdf,6,,gpt-6-luna,p5,completed,False,,True,True,11,0,4,3,0,0,0,False
gpt-6-luna__p5,.,a95cacf9e10e,pipeline/salida/gpt-6-luna__p5/a95cacf9e10e.json,7b81d3ad3e4310ee97418511211320ebbca8bf2375ad3b0c31cebf20c740f208,pdfs/comunidad-valenciana/historia-de-la-filosofia/2021-extraordinaria-examen-umh-a95cacf9e10e.pdf,8,,gpt-6-luna,p5,completed,False,,True,True,19,0,4,3,0,0,0,False
gpt-6-luna__p5,.,aa5655e3b9e2,pipeline/salida/gpt-6-luna__p5/aa5655e3b9e2.json,5821f8316fdce53a9d9030c9391d4a70a1f5836d5dff5ac4894fbd7c7e30af70,pdfs/madrid/historia-de-espana/2025-extraordinaria-examen-coincidencias-uc3m-aa5655e3b9e2.pdf,5,,gpt-6-luna,p5,completed,False,,True,True,24,0,3,0,0,0,0,False
gpt-6-luna__p5,.,aac3495c1069,pipeline/salida/gpt-6-luna__p5/aac3495c1069.json,45d9ccf9b510231d23440e4b3bac4eae931f06fba2730269c1a351ba796cf2ce,pdfs/madrid/historia-de-espana/2020-ordinaria-examen-coincidencias-uc3m-aac3495c1069.pdf,3,,gpt-6-luna,p5,completed,False,,True,True,28,0,3,2,0,1,0,False
gpt-6-luna__p5,.,ab690a84e30c,pipeline/salida/gpt-6-luna__p5/ab690a84e30c.json,ea8b5cbad8c4c46426055e649cd31578a14c5da0a6dd37dfe8d5d9a4a4f8c2a1,pdfs/comunidad-valenciana/ingles/2018-extraordinaria-examen-llibreta-ab690a84e30c.pdf,5,,gpt-6-luna,p5,completed,False,,True,True,70,0,2,3,0,0,0,False
gpt-6-luna__p5,.,ac1e68a880cb,pipeline/salida/gpt-6-luna__p5/ac1e68a880cb.json,166aa683614f4e71958d4fd99964b2e09d26bd3202192b855f3edce541dd6c64,pdfs/madrid/lengua-castellana-y-literatura-ii/2026-modelo-modelo-uc3m-ac1e68a880cb.pdf,6,,gpt-6-luna,p5,completed,False,,True,True,24,0,4,3,0,1,0,False
gpt-6-luna__p5,.,acbda9a58213,pipeline/salida/gpt-6-luna__p5/acbda9a58213.json,0b1090743eef044a7f975506d4e18d5f7684f576d371c0b55c336b883a70468f,pdfs/comunidad-valenciana/matematicas-aplicadas-a-las-ccss-ii/2022-ordinaria-examen-umh-acbda9a58213.pdf,4,,gpt-6-luna,p5,completed,False,,True,True,23,0,0,0,0,0,0,False
gpt-6-luna__p5,.,ad5e5f0a2ac6,pipeline/salida/gpt-6-luna__p5/ad5e5f0a2ac6.json,793b323b5573bac8b2cd68402e9c30f59d541b2799d58323b9f277a9fefbc812,pdfs/madrid/historia-de-espana/2026-extraordinaria-examen-uc3m-ad5e5f0a2ac6.pdf,5,,gpt-6-luna,p5,completed,False,,True,True,23,0,3,0,0,0,0,False
gpt-6-luna__p5,.,af54b4044118,pipeline/salida/gpt-6-luna__p5/af54b4044118.json,eb9a6166cad181c6f32ab8cc50e72034ecc4a50017825031b3c5ee5436f96d76,pdfs/comunidad-valenciana/lengua-castellana-y-literatura-ii/2013-ordinaria-examen-umh-af54b4044118.pdf,2,,gpt-6-luna,p5,completed,False,,True,True,16,0,1,1,0,0,0,False
gpt-6-luna__p5,.,aff3651802a6,pipeline/salida/gpt-6-luna__p5/aff3651802a6.json,355e45621c7e823b8b393b7fc009c11552e471b4ee7ba086f71d915ad11c3213,pdfs/madrid/lengua-castellana-y-literatura-ii/2023-ordinaria-examen-lunes-uc3m-aff3651802a6.pdf,6,,gpt-6-luna,p5,completed,True,,True,True,26,0,2,1,0,0,0,False
gpt-6-luna__p5,.,b2350f7349fb,pipeline/salida/gpt-6-luna__p5/b2350f7349fb.json,5f8dadba281c360b72f171c53bd37a28375136127c2da0b05fb307d439bfa36e,pdfs/comunidad-valenciana/lengua-castellana-y-literatura-ii/2014-ordinaria-examen-umh-b2350f7349fb.pdf,2,,gpt-6-luna,p5,completed,False,,True,True,16,0,1,1,0,0,0,False
gpt-6-luna__p5,.,b318836e0ed7,pipeline/salida/gpt-6-luna__p5/b318836e0ed7.json,034bcb26c51f39490c979425abe851540744e19f86209aba32483b8e2c1e3931,pdfs/madrid/lengua-castellana-y-literatura-ii/2022-extraordinaria-examen-coincidencias-uc3m-b318836e0ed7.pdf,6,,gpt-6-luna,p5,completed,True,,True,True,26,0,2,1,0,0,0,False
gpt-6-luna__p5,.,b33ba5342851,pipeline/salida/gpt-6-luna__p5/b33ba5342851.json,f6b986f1fc53d35872faa53b2ede248bbc615c9a5e77ef3d6a9658b09cf5c362,pdfs/madrid/historia-de-espana/2022-extraordinaria-examen-coincidencias-uc3m-b33ba5342851.pdf,3,,gpt-6-luna,p5,completed,False,,True,True,26,0,3,1,0,0,1,False
gpt-6-luna__p5,.,b33f8ac01792,pipeline/salida/gpt-6-luna__p5/b33f8ac01792.json,d424ffd2f81ab5863c23c546733b6057f268fc9213a89b1a1ed8d98179dec0cc,pdfs/madrid/matematicas-ii/2021-extraordinaria-examen-uc3m-b33f8ac01792.pdf,7,,gpt-6-luna,p5,completed,True,,True,True,29,0,1,0,0,0,0,False
gpt-6-luna__p5,.,b3ab481497c0,pipeline/salida/gpt-6-luna__p5/b3ab481497c0.json,80349a5d8049b4cab46fa8e75c02e4259aa93e004ae791782f01d54bbfce8e3f,pdfs/comunidad-valenciana/historia-de-espana/2012-extraordinaria-examen-llibreta-b3ab481497c0.pdf,4,,gpt-6-luna,p5,completed,False,,True,True,14,0,4,4,0,0,0,False
gpt-6-luna__p5,.,b5604273f1c3,pipeline/salida/gpt-6-luna__p5/b5604273f1c3.json,20ec7cecddcf10372ff3d7d9c1480ef1493fc7af7fe049d95391c2cba7822d6f,pdfs/madrid/matematicas-ii/2022-ordinaria-examen-coincidencias-uc3m-b5604273f1c3.pdf,7,,gpt-6-luna,p5,completed,True,,True,True,27,0,1,0,0,0,0,False
gpt-6-luna__p5,.,b5ab08876761,pipeline/salida/gpt-6-luna__p5/b5ab08876761.json,c34a3dac6df7a180925f0787b66a57e50cc0f188d9d2ab637a6d58fe00d9319b,pdfs/comunidad-valenciana/historia-de-espana/2019-extraordinaria-examen-umh-b5ab08876761.pdf,4,,gpt-6-luna,p5,completed,False,,True,True,14,0,4,2,0,0,0,False
gpt-6-luna__p5,.,b5cd88c6008c,pipeline/salida/gpt-6-luna__p5/b5cd88c6008c.json,ae850a88f03c364ee5de0371bf45e2cc3caea0bb0b5dc7bb845bd2cc91c5c8df,pdfs/comunidad-valenciana/matematicas-ii/2013-ordinaria-examen-umh-b5cd88c6008c.pdf,4,,gpt-6-luna,p5,completed,False,,True,True,26,0,0,2,0,0,0,False
gpt-6-luna__p5,.,b70554fe0f17,pipeline/salida/gpt-6-luna__p5/b70554fe0f17.json,37fe1a7fe207602072aaf4878161b54325a6fba3f6a4d79c1216de37e449770d,pdfs/madrid/lengua-castellana-y-literatura-ii/2021-modelo-modelo-uc3m-b70554fe0f17.pdf,10,,gpt-6-luna,p5,completed,True,,True,True,26,0,2,3,0,0,0,False
gpt-6-luna__p5,.,b7806bfd43fe,pipeline/salida/gpt-6-luna__p5/b7806bfd43fe.json,dbdbd3a9e7cea705da0892054c57cad1f7bce2f1c8c3c1989bc51765200cc432,pdfs/madrid/historia-de-espana/2025-ordinaria-examen-coincidencias-uc3m-b7806bfd43fe.pdf,5,,gpt-6-luna,p5,completed,False,,True,True,23,0,3,1,0,0,0,False
gpt-6-luna__p5,.,b8bc434a54f5,pipeline/salida/gpt-6-luna__p5/b8bc434a54f5.json,32be0b06899c3e8edd837232c17dee24fe2a4557ae920027015b15998079f466,pdfs/comunidad-valenciana/historia-de-espana/2011-extraordinaria-examen-llibreta-b8bc434a54f5.pdf,4,,gpt-6-luna,p5,completed,False,,True,True,14,0,4,4,0,0,0,False
gpt-6-luna__p5,.,b8fa0d73f649,pipeline/salida/gpt-6-luna__p5/b8fa0d73f649.json,86b7f6698b847e6714d2b876f65685fd281aa0b4bb126e0a1bb5ec9625453cdf,pdfs/comunidad-valenciana/matematicas-ii/2021-extraordinaria-examen-umh-b8fa0d73f649.pdf,3,,gpt-6-luna,p5,completed,False,,True,True,23,0,1,0,0,0,0,False
gpt-6-luna__p5,.,b996e7795739,pipeline/salida/gpt-6-luna__p5/b996e7795739.json,056533f9e1fa2211374824d8be82e821b41815eb63f0f29bed137df6409db1e5,pdfs/comunidad-valenciana/lengua-castellana-y-literatura-ii/2025-extraordinaria-examen-llibreta-b996e7795739.pdf,6,,gpt-6-luna,p5,completed,False,,True,True,23,0,2,3,0,0,0,False
gpt-6-luna__p5,.,b9c4b6fda9fd,pipeline/salida/gpt-6-luna__p5/b9c4b6fda9fd.json,55bc3ef9fa69d6e515d7a4228b554ba2037fa49adf479052c7ae9ee8d5f24628,pdfs/comunidad-valenciana/lengua-castellana-y-literatura-ii/2026-modelo-modelo-llibreta-b9c4b6fda9fd.pdf,6,,gpt-6-luna,p5,completed,False,,True,True,22,0,2,3,0,0,0,False
gpt-6-luna__p5,.,bbe9725b0e0f,pipeline/salida/gpt-6-luna__p5/bbe9725b0e0f.json,3a54b20aa20307a370a6983692a169a7129460f2e778c7a2d6db3bc6dc73ddf5,pdfs/madrid/matematicas-ii/2025-ordinaria-examen-uc3m-bbe9725b0e0f.pdf,5,,gpt-6-luna,p5,completed,True,,True,True,26,0,0,1,0,0,1,False
gpt-6-luna__p5,.,bd13236e87fb,pipeline/salida/gpt-6-luna__p5/bd13236e87fb.json,0652b12b6fab8eb89e18762e23ada9c983de4754fd2d19a5ae7eddce24d97e6b,pdfs/madrid/lengua-castellana-y-literatura-ii/2022-extraordinaria-examen-uc3m-bd13236e87fb.pdf,6,,gpt-6-luna,p5,completed,True,,True,True,26,0,2,2,0,0,0,False
gpt-6-luna__p5,.,be1849698853,pipeline/salida/gpt-6-luna__p5/be1849698853.json,657b226acce8561d8455766620741210a37dd20364df5aa3a9ddc321c6b296d8,pdfs/madrid/diseno/2023-ordinaria-examen-uc3m-be1849698853.pdf,7,,gpt-6-luna,p5,completed,False,,True,True,13,0,1,1,0,0,1,False
gpt-6-luna__p5,.,be3eae38d7a8,pipeline/salida/gpt-6-luna__p5/be3eae38d7a8.json,3702eb8c729e1326b82953871edf4d23dc8a84ac858304a90fffd4ffc31ecf5c,pdfs/madrid/historia-de-espana/2020-modelo-modelo-uc3m-be3eae38d7a8.pdf,3,,gpt-6-luna,p5,completed,False,,True,True,26,0,3,6,0,0,0,False
gpt-6-luna__p5,.,c09cb7258334,pipeline/salida/gpt-6-luna__p5/c09cb7258334.json,3253c4650299ecd4e90874faa517c6191145702873117393713595801e9b49a1,pdfs/madrid/historia-de-espana/2022-modelo-modelo-uc3m-c09cb7258334.pdf,8,,gpt-6-luna,p5,completed,False,,True,True,26,0,3,1,0,0,0,False
gpt-6-luna__p5,.,c159097f9120,pipeline/salida/gpt-6-luna__p5/c159097f9120.json,f8e45c8789630bf46fe3493f0040cf972520ce639eb2257d5c8369674f7892c1,pdfs/comunidad-valenciana/lengua-castellana-y-literatura-ii/2025-ordinaria-examen-umh-c159097f9120.pdf,3,,gpt-6-luna,p5,completed,False,,True,True,22,0,3,0,0,0,0,False
gpt-6-luna__p5,.,c18e08692807,pipeline/salida/gpt-6-luna__p5/c18e08692807.json,3163a4259fd55ff3fa52da4e4fbd76278f499261ea2a629fae034875cc90415b,pdfs/comunidad-valenciana/lengua-castellana-y-literatura-ii/2016-extraordinaria-examen-umh-c18e08692807.pdf,2,,gpt-6-luna,p5,completed,False,,True,True,16,0,1,0,0,0,0,False
gpt-6-luna__p5,.,c1d9f1b76c4c,pipeline/salida/gpt-6-luna__p5/c1d9f1b76c4c.json,d82262b0ed6296e0fb961847cdf9572d8fdf148eeec285b0e9cb6f74bc526127,pdfs/madrid/lengua-castellana-y-literatura-ii/2022-ordinaria-examen-lunes-uc3m-c1d9f1b76c4c.pdf,6,,gpt-6-luna,p5,completed,True,,True,True,26,0,2,4,0,0,0,False
gpt-6-luna__p5,.,c1e0cd9998cb,pipeline/salida/gpt-6-luna__p5/c1e0cd9998cb.json,1e4e08f1b4cee9bd2fbabefd64ebfdfe85d932228cd67448e0600129862f6028,pdfs/madrid/italiano/2021-extraordinaria-examen-coincidencias-uc3m-c1e0cd9998cb.pdf,4,,gpt-6-luna,p5,completed,False,,True,True,48,0,2,2,0,0,0,False
gpt-6-luna__p5,.,c2e6925690c1,pipeline/salida/gpt-6-luna__p5/c2e6925690c1.json,707608660c84ed9f32d68d96ff2816c10bb18673b2ce5777919f13cac8bdbc01,pdfs/comunidad-valenciana/matematicas-ii/2017-ordinaria-examen-umh-c2e6925690c1.pdf,4,,gpt-6-luna,p5,completed,False,,True,True,26,0,0,1,0,0,0,False
gpt-6-luna__p5,.,c422fff5f7b9,pipeline/salida/gpt-6-luna__p5/c422fff5f7b9.json,50b3c3cd4696a3758fc6e1fa1f9d1c34cf3d12cca5b7f48fea1b06875d1e81da,pdfs/madrid/historia-de-espana/2021-ordinaria-examen-coincidencias-uc3m-c422fff5f7b9.pdf,9,,gpt-6-luna,p5,completed,False,,True,True,26,0,3,1,0,0,0,False
gpt-6-luna__p5,.,c84489a2b62f,pipeline/salida/gpt-6-luna__p5/c84489a2b62f.json,356befd29b5c05b43c7e980b4a49e88cd0c78ceb870d0444f97431235da86219,pdfs/madrid/lengua-castellana-y-literatura-ii/2021-extraordinaria-examen-uc3m-c84489a2b62f.pdf,7,,gpt-6-luna,p5,completed,True,,True,True,26,0,2,1,0,0,0,False
gpt-6-luna__p5,.,c84f682ed0b2,pipeline/salida/gpt-6-luna__p5/c84f682ed0b2.json,5c5b196648c5c22e5dc455b637c4ea797638aa8b550da0fea429cb3770580703,pdfs/madrid/historia-de-espana/2018-ordinaria-examen-uc3m-c84f682ed0b2.pdf,3,,gpt-6-luna,p5,completed,False,,True,True,22,0,3,1,0,0,0,False
gpt-6-luna__p5,.,c85cd1758e28,pipeline/salida/gpt-6-luna__p5/c85cd1758e28.json,89489ea9da23b7714fd1a33d69c3918921fddcdb33a572af7c26644038914ce2,pdfs/comunidad-valenciana/matematicas-ii/2013-extraordinaria-examen-umh-c85cd1758e28.pdf,1,,gpt-6-luna,p5,completed,False,,True,True,13,0,0,1,0,0,0,False
gpt-6-luna__p5,.,cab36a516c34,pipeline/salida/gpt-6-luna__p5/cab36a516c34.json,af76925237760e1dfb1621ad7522160e23399c0590cd2a343368de45459a1d8d,pdfs/comunidad-valenciana/historia-de-espana/2010-ordinaria-examen-llibreta-cab36a516c34.pdf,4,,gpt-6-luna,p5,completed,False,,True,True,12,0,4,4,0,0,0,False
gpt-6-luna__p5,.,cb74892cb60e,pipeline/salida/gpt-6-luna__p5/cb74892cb60e.json,830c3af8edafdd00cef2695391f3b4e97510c75610020f9d3cb179edf06bf281,pdfs/madrid/matematicas-ii/2024-ordinaria-examen-uc3m-cb74892cb60e.pdf,5,,gpt-6-luna,p5,completed,True,,True,True,24,0,0,0,0,0,0,False
gpt-6-luna__p5,.,cb9d8c2c12d7,pipeline/salida/gpt-6-luna__p5/cb9d8c2c12d7.json,7219792a7d5042cdd62390f651f9dcfff0644774bb5134dafd44b5c4ee87b5dd,pdfs/comunidad-valenciana/lengua-castellana-y-literatura-ii/2010-ordinaria-examen-llibreta-cb9d8c2c12d7.pdf,4,,gpt-6-luna,p5,completed,False,,True,True,10,0,4,1,0,0,0,False
gpt-6-luna__p5,.,cbf947ff0c0c,pipeline/salida/gpt-6-luna__p5/cbf947ff0c0c.json,4444665c29bd531cb9b29e186f99f0ecc5c7ddd3ede449f2a0ac7c55938436b5,pdfs/comunidad-valenciana/geologia-y-ciencias-ambientales/2022-extraordinaria-examen-umh-cbf947ff0c0c.pdf,8,,gpt-6-luna,p5,completed,False,,True,True,60,0,3,1,0,0,0,False
gpt-6-luna__p5,.,cc4ce021beb2,pipeline/salida/gpt-6-luna__p5/cc4ce021beb2.json,c1a189701a85520c2d0151c4892589f05289144a8ba7f34073fb3a264e89aa72,pdfs/madrid/historia-de-espana/2024-ordinaria-examen-lunes-uc3m-cc4ce021beb2.pdf,7,,gpt-6-luna,p5,completed,False,,True,True,24,0,3,3,0,3,0,False
gpt-6-luna__p5,.,cd011dfc3111,pipeline/salida/gpt-6-luna__p5/cd011dfc3111.json,b2a6f0a7e157fce6a110f91829fa299f6c38862dcf8c87762a99a92f7932869b,pdfs/comunidad-valenciana/historia-de-espana/2018-ordinaria-examen-llibreta-cd011dfc3111.pdf,4,,gpt-6-luna,p5,completed,False,,True,True,14,0,4,2,0,0,0,False
gpt-6-luna__p5,.,cdd0f4f759e1,pipeline/salida/gpt-6-luna__p5/cdd0f4f759e1.json,980b74a7b371686e57b8f3c63ce63dd58d92bc82664d5b1070c8e73e30907f9c,pdfs/comunidad-valenciana/historia-de-espana/2026-extraordinaria-examen-llibreta-cdd0f4f759e1.pdf,4,,gpt-6-luna,p5,completed,False,,True,True,14,0,2,1,0,0,0,False
gpt-6-luna__p5,.,ce17d1837c64,pipeline/salida/gpt-6-luna__p5/ce17d1837c64.json,7a8cfb7150002f41ce58d01d59a0061edc616f0a0cf37483a1d3c719fdbcb0f4,pdfs/pais-vasco/literatura-universal/2013-extraordinaria-examen-ehu-ce17d1837c64.pdf,6,,gpt-6-luna,p5,completed,False,,True,True,10,0,1,2,0,0,0,False
gpt-6-luna__p5,.,ce6f09d504dc,pipeline/salida/gpt-6-luna__p5/ce6f09d504dc.json,05374c76b351b07d00f64a892cb999f951d382a37f67986609490cd2e27b8b5a,pdfs/madrid/historia-de-espana/2020-extraordinaria-examen-uc3m-ce6f09d504dc.pdf,3,,gpt-6-luna,p5,completed,False,,True,True,26,0,3,3,0,0,0,False
gpt-6-luna__p5,.,cf8f175f86e7,pipeline/salida/gpt-6-luna__p5/cf8f175f86e7.json,89e05b477efaa53d6380122179e892b5573af8909b8d8aa9b93f9143a0f364e8,pdfs/pais-vasco/movimientos-culturales-y-artisticos/2024-ordinaria-examen-ehu-cf8f175f86e7.pdf,7,,gpt-6-luna,p5,completed,False,,True,True,44,0,4,0,0,0,0,False
gpt-6-luna__p5,.,d0639c51e9f8,pipeline/salida/gpt-6-luna__p5/d0639c51e9f8.json,b9265f061470908e3ff5ee9bbc4bf406ff0f7a46897f643ca7d0e8211aca8da0,pdfs/madrid/lengua-castellana-y-literatura-ii/2020-ordinaria-examen-lunes-uc3m-d0639c51e9f8.pdf,6,,gpt-6-luna,p5,completed,True,,True,True,26,0,2,1,0,0,0,False
gpt-6-luna__p5,.,d0cb552cbd36,pipeline/salida/gpt-6-luna__p5/d0cb552cbd36.json,a81b4e7abd8a78fe94e5865c66f7df0ed411a75e0c8a63c2fc35dba212bfb1b8,pdfs/madrid/historia-de-espana/2021-modelo-modelo-uc3m-d0cb552cbd36.pdf,8,,gpt-6-luna,p5,completed,False,,True,True,26,0,3,1,0,0,1,False
gpt-6-luna__p5,.,d1e0bad7ac24,pipeline/salida/gpt-6-luna__p5/d1e0bad7ac24.json,6e2eb48fa14f9800e212957efb4559456c277c0b303b305f7936fb6501810f2c,pdfs/comunidad-valenciana/historia-de-espana/2015-extraordinaria-examen-llibreta-d1e0bad7ac24.pdf,4,,gpt-6-luna,p5,completed,False,,True,True,14,0,4,1,0,0,0,False
gpt-6-luna__p5,.,d33db3386e53,pipeline/salida/gpt-6-luna__p5/d33db3386e53.json,7f9d1adaf74f21bcd41ec96871a29eb5d83da21bea39135303562a49ef8616c2,pdfs/comunidad-valenciana/lengua-castellana-y-literatura-ii/2018-ordinaria-examen-umh-d33db3386e53.pdf,2,,gpt-6-luna,p5,completed,False,,True,True,16,0,1,1,0,0,0,False
gpt-6-luna__p5,.,d38f6dafa9bd,pipeline/salida/gpt-6-luna__p5/d38f6dafa9bd.json,eaf2f679fca6a56a3e77bb9923ac4f15a40ebfd8926b88332b5e23172df316da,pdfs/madrid/lengua-castellana-y-literatura-ii/2024-modelo-modelo-uc3m-d38f6dafa9bd.pdf,8,,gpt-6-luna,p5,completed,False,,True,True,26,0,2,1,0,0,0,False
gpt-6-luna__p5,.,d487a226ab90,pipeline/salida/gpt-6-luna__p5/d487a226ab90.json,ca1a8ef5e231f7ef3c7d9752302d73a7666346551d1c2989dabf10cddd0fbd44,pdfs/madrid/historia-de-espana/2024-extraordinaria-examen-uc3m-d487a226ab90.pdf,7,,gpt-6-luna,p5,completed,False,,True,True,24,0,3,1,0,3,0,False
gpt-6-luna__p5,.,d54d5d841933,pipeline/salida/gpt-6-luna__p5/d54d5d841933.json,803328ba40365ca57291a1bd50fdc7d7adecaeb98f3fab176cfffe8b46207a58,pdfs/comunidad-valenciana/lengua-castellana-y-literatura-ii/2019-extraordinaria-examen-llibreta-d54d5d841933.pdf,2,,gpt-6-luna,p5,completed,False,,True,True,16,0,1,1,0,1,0,False
gpt-6-luna__p5,.,d5bb406de29e,pipeline/salida/gpt-6-luna__p5/d5bb406de29e.json,5614e17693471f94ca4bf19051c4948fd776f98037a20c61912cfde3e954b92c,pdfs/madrid/historia-de-espana/2021-ordinaria-examen-martes-uc3m-d5bb406de29e.pdf,8,,gpt-6-luna,p5,completed,False,,True,True,26,0,3,2,0,0,0,False
gpt-6-luna__p5,.,d779a6b74aba,pipeline/salida/gpt-6-luna__p5/d779a6b74aba.json,b824d1f15e7fe84c57a29fb4d047ae59a4b1eca4a089447ae3ba98e292e7b102,pdfs/comunidad-valenciana/historia-de-espana/2013-ordinaria-examen-umh-d779a6b74aba.pdf,4,,gpt-6-luna,p5,completed,False,,True,True,18,0,4,5,0,0,0,False
gpt-6-luna__p5,.,d8d3b89285b6,pipeline/salida/gpt-6-luna__p5/d8d3b89285b6.json,9bb869df9726b6da8f3363eb2fd694fd7804383403cef858950d88900fd43bcb,pdfs/comunidad-valenciana/lengua-castellana-y-literatura-ii/2014-extraordinaria-examen-umh-d8d3b89285b6.pdf,2,,gpt-6-luna,p5,completed,False,,True,True,16,0,1,2,0,0,0,False
gpt-6-luna__p5,.,db08dd7416d3,pipeline/salida/gpt-6-luna__p5/db08dd7416d3.json,d9fe68a7cbd44e0926a2a5f739aec14f29e5b70eb7487103cf7aa2411fa664b3,pdfs/comunidad-valenciana/lengua-castellana-y-literatura-ii/2024-extraordinaria-examen-umh-db08dd7416d3.pdf,4,,gpt-6-luna,p5,completed,False,,True,True,27,0,3,3,0,0,0,False
gpt-6-luna__p5,.,dfa70105641a,pipeline/salida/gpt-6-luna__p5/dfa70105641a.json,6cfcf77a9e89c1e4b41ea78e98a8d523e32b96fb50d910ec5192d7d713b6cf9d,pdfs/comunidad-valenciana/lengua-castellana-y-literatura-ii/2021-ordinaria-examen-umh-dfa70105641a.pdf,4,,gpt-6-luna,p5,completed,False,,True,True,29,0,3,4,0,0,0,False
gpt-6-luna__p5,.,dff10bd824da,pipeline/salida/gpt-6-luna__p5/dff10bd824da.json,3ce5cf3eadf475748783dcb96f8e5e575c2b5adc55157ab774438dd68a0ad928,pdfs/madrid/matematicas-ii/2025-extraordinaria-examen-uc3m-dff10bd824da.pdf,7,,gpt-6-luna,p5,completed,True,,True,True,25,0,1,0,0,0,0,False
gpt-6-luna__p5,.,e181c850e8ce,pipeline/salida/gpt-6-luna__p5/e181c850e8ce.json,1ca16cfbe7f017425c48645a14fed0c4473ffe156365182e649b9e527d59dfad,pdfs/madrid/matematicas-ii/2024-modelo-modelo-uc3m-e181c850e8ce.pdf,7,,gpt-6-luna,p5,completed,True,,True,True,26,0,0,1,0,0,0,False
gpt-6-luna__p5,.,e1f43a3363d4,pipeline/salida/gpt-6-luna__p5/e1f43a3363d4.json,72fbeea885d6c9773bd744742d555908e61c936fe0b508263db194d82e46ba0e,pdfs/comunidad-valenciana/economia-de-la-empresa/2024-ordinaria-examen-llibreta-e1f43a3363d4.pdf,6,,gpt-6-luna,p5,completed,False,,True,True,39,0,2,2,0,0,0,False
gpt-6-luna__p5,.,e20bc6ac4790,pipeline/salida/gpt-6-luna__p5/e20bc6ac4790.json,92681af54680954013eb0b910a4423b6f4886f5c2cf795f8797dec0def20b0a7,pdfs/madrid/lengua-castellana-y-literatura-ii/2020-modelo-modelo-uc3m-e20bc6ac4790.pdf,8,,gpt-6-luna,p5,completed,True,,True,True,26,0,2,1,0,0,0,False
gpt-6-luna__p5,.,e2595a3b7e0d,pipeline/salida/gpt-6-luna__p5/e2595a3b7e0d.json,11bd6db1a2eca03e9b9638ed0e075f29d57e18fcecca9f4bc5ae8e8152664758,pdfs/comunidad-valenciana/matematicas-ii/2023-extraordinaria-examen-umh-e2595a3b7e0d.pdf,4,,gpt-6-luna,p5,completed,False,,True,True,27,0,1,0,0,0,0,False
gpt-6-luna__p5,.,e28ef720b913,pipeline/salida/gpt-6-luna__p5/e28ef720b913.json,3b65f6642ed8624b08d1a6c82ceab6013322b66f783f9118e75e775bd3be235b,pdfs/madrid/matematicas-ii/2022-extraordinaria-examen-coincidencias-uc3m-e28ef720b913.pdf,7,,gpt-6-luna,p5,completed,True,,True,True,28,0,2,0,0,0,0,False
gpt-6-luna__p5,.,e300944f0ec3,pipeline/salida/gpt-6-luna__p5/e300944f0ec3.json,10b6cef19af4301d43805d6a149f77268ce444be1732a8e05f1e5dae5b70a85c,pdfs/comunidad-valenciana/geografia/2021-extraordinaria-examen-llibreta-e300944f0ec3.pdf,5,,gpt-6-luna,p5,completed,False,,True,True,13,0,4,1,0,0,0,False
gpt-6-luna__p5,.,e3b38fbda57d,pipeline/salida/gpt-6-luna__p5/e3b38fbda57d.json,31c1bc42286e003e04ce6bb94fbb47106e7a73acbc6cccb34071fff11696041b,pdfs/comunidad-valenciana/historia-de-espana/2022-extraordinaria-examen-umh-e3b38fbda57d.pdf,4,,gpt-6-luna,p5,completed,False,,True,True,17,0,4,0,0,0,0,False
gpt-6-luna__p5,.,e71581fd27e5,pipeline/salida/gpt-6-luna__p5/e71581fd27e5.json,d02da54e2093ef81562aa562a578b500530592e076ed7c89295d538622514599,pdfs/madrid/matematicas-ii/2020-modelo-modelo-uc3m-e71581fd27e5.pdf,9,,gpt-6-luna,p5,completed,True,,True,True,28,0,3,2,0,0,0,False
gpt-6-luna__p5,.,e731338592c5,pipeline/salida/gpt-6-luna__p5/e731338592c5.json,48acc6845d13b1e48fc6eb4b61d6ea2ff97920f952119247fb24abd6650c431a,pdfs/comunidad-valenciana/geografia/2025-ordinaria-examen-umh-e731338592c5.pdf,3,,gpt-6-luna,p5,completed,False,,True,True,10,0,4,0,0,0,0,False
gpt-6-luna__p5,.,e734936a32d3,pipeline/salida/gpt-6-luna__p5/e734936a32d3.json,f30d7dc2be043488f4c4e1e939273d82e203f3c04defe01112c1e359fa29caaa,pdfs/comunidad-valenciana/matematicas-ii/2025-extraordinaria-examen-umh-e734936a32d3.pdf,6,,gpt-6-luna,p5,completed,False,,True,True,29,0,1,1,0,0,0,False
gpt-6-luna__p5,.,e762bb621d48,pipeline/salida/gpt-6-luna__p5/e762bb621d48.json,3396eb55be8edf30776ac89cc6225f3177f39cc73de71286a63625623f795f22,pdfs/madrid/matematicas-ii/2025-ordinaria-examen-coincidencias-uc3m-e762bb621d48.pdf,5,,gpt-6-luna,p5,completed,True,,True,True,25,0,0,0,0,0,0,False
gpt-6-luna__p5,.,e7907173dac8,pipeline/salida/gpt-6-luna__p5/e7907173dac8.json,022b3d656c870431282778b62b6ecb548e78c97c98ee17f5fca274bc3f9e80aa,pdfs/comunidad-valenciana/valenciano/2026-ordinaria-examen-llibreta-e7907173dac8.pdf,3,,gpt-6-luna,p5,completed,False,,True,True,36,0,3,2,0,0,0,False
gpt-6-luna__p5,.,e880b6f47a91,pipeline/salida/gpt-6-luna__p5/e880b6f47a91.json,1127992529cae7aff10a5f3d24c43f4614cb8b133bcbcf6bbafeaf677d077294,pdfs/madrid/lengua-castellana-y-literatura-ii/2025-ordinaria-examen-coincidencias-uc3m-e880b6f47a91.pdf,6,,gpt-6-luna,p5,completed,False,,True,True,21,0,1,2,0,0,0,False
gpt-6-luna__p5,.,e887d3851c95,pipeline/salida/gpt-6-luna__p5/e887d3851c95.json,34709cd64954296ef96bcbe2d4d35dfd7d773124235bd39cb29ca5c8e81bf62f,pdfs/madrid/matematicas-ii/2026-ordinaria-examen-uc3m-e887d3851c95.pdf,7,,gpt-6-luna,p5,completed,True,,True,True,21,0,2,2,0,0,0,False
gpt-6-luna__p5,.,e901e02fbd0a,pipeline/salida/gpt-6-luna__p5/e901e02fbd0a.json,5ade014922b3691284f8a50491f276e21ded2c33c059a48f09063a2ca0c55a19,pdfs/madrid/matematicas-ii/2020-ordinaria-examen-uc3m-e901e02fbd0a.pdf,6,,gpt-6-luna,p5,completed,True,,True,True,29,0,0,0,0,0,1,False
gpt-6-luna__p5,.,e921bcde8ddb,pipeline/salida/gpt-6-luna__p5/e921bcde8ddb.json,b57c732f511658f42a525a6e83f6e21c5c75ac9b003027b0a4217cb6735c542f,pdfs/comunidad-valenciana/matematicas-ii/2016-extraordinaria-examen-umh-e921bcde8ddb.pdf,4,,gpt-6-luna,p5,completed,False,,True,True,28,0,0,1,0,0,0,False
gpt-6-luna__p5,.,e96e07529cae,pipeline/salida/gpt-6-luna__p5/e96e07529cae.json,9f4e032d601c00022f78dd64884b8a7e31a79c890e9bc7d7e79ddb07f45be45c,pdfs/comunidad-valenciana/matematicas-ii/2024-ordinaria-examen-umh-e96e07529cae.pdf,6,,gpt-6-luna,p5,completed,False,,True,True,29,0,1,1,0,0,1,False
gpt-6-luna__p5,.,eb1d77ddf433,pipeline/salida/gpt-6-luna__p5/eb1d77ddf433.json,7b1f7ea702ab81ebe1b47b95c374e5b088fdcc6f04192d2e4a38e0d4ba2f72be,pdfs/comunidad-valenciana/lengua-castellana-y-literatura-ii/2023-extraordinaria-examen-umh-eb1d77ddf433.pdf,4,,gpt-6-luna,p5,completed,False,,True,True,26,0,3,2,0,0,0,False
gpt-6-luna__p5,.,ed03ea4e6cf8,pipeline/salida/gpt-6-luna__p5/ed03ea4e6cf8.json,679cac87fabada346fb6777e3db25b20a980cd6734a347c1c20c1f6f56b64cbf,pdfs/madrid/artes-escenicas-ii/2020-ordinaria-examen-coincidencias-uc3m-ed03ea4e6cf8.pdf,12,,gpt-6-luna,p5,completed,False,,True,True,19,0,4,2,0,1,0,False
gpt-6-luna__p5,.,ed9f75746f60,pipeline/salida/gpt-6-luna__p5/ed9f75746f60.json,cf80f9d19e154a02545627efc5deb1bc70bdf0e5d85441a8c9e0b84d5ff1fbe7,pdfs/comunidad-valenciana/matematicas-ii/2023-ordinaria-examen-umh-ed9f75746f60.pdf,4,,gpt-6-luna,p5,completed,False,,True,True,26,0,1,2,0,0,0,False
gpt-6-luna__p5,.,f14d74605043,pipeline/salida/gpt-6-luna__p5/f14d74605043.json,ab3519f21cb8903f011dd2aaf76ddbc2342d3a257d08fc91d69880d17ea9d7af,pdfs/madrid/matematicas-ii/2020-ordinaria-examen-coincidencias-uc3m-f14d74605043.pdf,8,,gpt-6-luna,p5,completed,True,,True,True,29,0,3,0,0,0,0,False
gpt-6-luna__p5,.,f4aa680c156d,pipeline/salida/gpt-6-luna__p5/f4aa680c156d.json,f735e51d7d03c976eae32e9dfd113d98e2e3419248a0d6f5157c2d485c9466fa,pdfs/madrid/lengua-castellana-y-literatura-ii/2024-extraordinaria-examen-uc3m-f4aa680c156d.pdf,6,,gpt-6-luna,p5,completed,False,,True,True,26,0,2,1,0,0,0,False
gpt-6-luna__p5,.,f5a8aadc050b,pipeline/salida/gpt-6-luna__p5/f5a8aadc050b.json,dc0ace688092219fac40967c01dc7ce808c026704be0b31ebf19d3a56bfa95ef,pdfs/comunidad-valenciana/matematicas-aplicadas-a-las-ccss-ii/2017-extraordinaria-examen-umh-f5a8aadc050b.pdf,4,,gpt-6-luna,p5,completed,False,,True,True,20,0,0,0,0,0,0,False
gpt-6-luna__p5,.,f6ae3b95185b,pipeline/salida/gpt-6-luna__p5/f6ae3b95185b.json,4a5c7879c9310f6dbe884b3bff15c3960b894e8b0f26e8c08ee3eb40c5a95910,pdfs/comunidad-valenciana/matematicas-ii/2021-ordinaria-examen-umh-f6ae3b95185b.pdf,3,,gpt-6-luna,p5,completed,False,,True,True,23,0,1,1,0,0,0,False
gpt-6-luna__p5,.,f7ba90e6218e,pipeline/salida/gpt-6-luna__p5/f7ba90e6218e.json,73b33771cf02e484d3a8d3edd784870103f7c183be89bfa3c2dd3a0135bf18a1,pdfs/madrid/historia-de-espana/2022-ordinaria-examen-coincidencias-uc3m-f7ba90e6218e.pdf,3,,gpt-6-luna,p5,completed,False,,True,True,26,0,3,2,0,0,0,False
gpt-6-luna__p5,.,f88f210f0efc,pipeline/salida/gpt-6-luna__p5/f88f210f0efc.json,dad78cef6ecf2aed6f25c519d313d93e08d2c7384c5cc6ce4abcfe2912205dd1,pdfs/madrid/historia-de-espana/2019-extraordinaria-examen-uc3m-f88f210f0efc.pdf,3,,gpt-6-luna,p5,completed,False,,True,True,23,0,3,0,0,0,0,False
gpt-6-luna__p5,.,f924b77166cd,pipeline/salida/gpt-6-luna__p5/f924b77166cd.json,68e2cea7a8f42a1414423269acce4b2464b82410f64cda4d19d6908a3776e194,pdfs/madrid/historia-de-espana/2026-ordinaria-examen-uc3m-f924b77166cd.pdf,5,,gpt-6-luna,p5,completed,False,,True,True,23,0,3,0,0,0,0,False
gpt-6-luna__p5,.,fa08351c342d,pipeline/salida/gpt-6-luna__p5/fa08351c342d.json,8a083fa3079481316bca15478fde1e1b25cc9693c1747fd1215bc96cdad3f5c4,pdfs/madrid/historia-de-espana/2024-ordinaria-examen-martes-uc3m-fa08351c342d.pdf,7,,gpt-6-luna,p5,completed,False,,True,True,22,0,3,2,0,0,0,False
gpt-6-luna__p5,.,fae5d170fbef,pipeline/salida/gpt-6-luna__p5/fae5d170fbef.json,864c4fecc7d97e124db3f4a58c71ef4fdf34c5c824cd848e4398f62bbfb46e12,pdfs/madrid/historia-de-espana/2026-modelo-modelo-uc3m-fae5d170fbef.pdf,7,,gpt-6-luna,p5,completed,False,,True,True,23,0,3,0,0,0,0,False
gpt-6-luna__p5,.,fb159fb1bc3a,pipeline/salida/gpt-6-luna__p5/fb159fb1bc3a.json,f9001f21a10881c910c99599d9f39d8f0f7a1f4d86b748f140eff2dc9f2e6ce3,pdfs/madrid/lengua-castellana-y-literatura-ii/2019-modelo-modelo-uc3m-fb159fb1bc3a.pdf,8,,gpt-6-luna,p5,completed,True,,True,True,26,0,2,0,0,0,0,False
gpt-6-luna__p5,.,fb33d4fddeab,pipeline/salida/gpt-6-luna__p5/fb33d4fddeab.json,5fe567349fd9e32c07759291f8b9323b3582c8ceaf93551fc67c51469727398c,pdfs/madrid/griego-ii/2024-ordinaria-examen-uc3m-fb33d4fddeab.pdf,5,,gpt-6-luna,p5,completed,False,,True,True,19,0,2,3,0,0,2,False
gpt-6-luna__p5,.,fb49d9b64ac1,pipeline/salida/gpt-6-luna__p5/fb49d9b64ac1.json,feac63b1a5f034af2ba9d50f071dc976ab2678f44fce8d89bac10e67803d62c6,pdfs/madrid/lengua-castellana-y-literatura-ii/2025-modelo-modelo-uc3m-fb49d9b64ac1.pdf,6,,gpt-6-luna,p5,completed,False,,True,True,21,0,1,1,0,0,0,False
gpt-6-luna__p5,.,fda5ea13b6c5,pipeline/salida/gpt-6-luna__p5/fda5ea13b6c5.json,815839a3d430c96198cd8fbb1d75fdb58810f3525c5db978c62bc960bc2aa688,pdfs/comunidad-valenciana/ciencias-de-la-tierra-y-medioambientales/2013-extraordinaria-examen-umh-fda5ea13b6c5.pdf,4,,gpt-6-luna,p5,completed,False,,True,True,32,0,1,5,0,0,3,False
gpt-6-luna__p5,.,fdd6ca513f80,pipeline/salida/gpt-6-luna__p5/fdd6ca513f80.json,6614248a975d7457b3f0cd46956d8e133d27ddb99f4759eec4d76cd73846ba1d,pdfs/comunidad-valenciana/dibujo-tecnico-ii/2026-ordinaria-examen-llibreta-fdd6ca513f80.pdf,8,,gpt-6-luna,p5,completed,False,,True,True,20,0,8,0,0,0,0,False
gpt-6-luna__p5,rubricas/gpt-6-luna__r1,17445f0ab770,pipeline/salida/gpt-6-luna__p5/rubricas/gpt-6-luna__r1/17445f0ab770.json,6f733372e31d84bae88ea803e0664fdcda9475df883bc4e9844dd05f8e2e7e11,pdfs/comunidad-valenciana/quimica/2023-ordinaria-criterios-llibreta-93c019930f9d.pdf,1,,gpt-6-luna,r1,completed,False,,True,True,0,0,0,0,0,0,1,False
gpt-6-luna__p5,rubricas/gpt-6-luna__r1,2787fc4d640f,pipeline/salida/gpt-6-luna__p5/rubricas/gpt-6-luna__r1/2787fc4d640f.json,eb8902c73bffa3594ea24f5c3ec6b17c6956c14fc670996fdb3d619b5579dbba,pdfs/madrid/quimica/2019-modelo-modelo-uc3m-2787fc4d640f.pdf,11,,gpt-6-luna,r1,completed,False,,True,True,0,34,0,2,0,0,0,False
gpt-6-luna__p5,rubricas/gpt-6-luna__r1,3c134e1125e6,pipeline/salida/gpt-6-luna__p5/rubricas/gpt-6-luna__r1/3c134e1125e6.json,7255d30cb542b8cabee013b48a5a5de53c84d91584eaa2ed60ca719b7748d68f,pdfs/comunidad-valenciana/historia-de-espana/2026-ordinaria-criterios-llibreta-7c5377981b00.pdf,6,,gpt-6-luna,r1,completed,False,,True,True,0,11,0,2,0,0,0,False
gpt-6-luna__p5,rubricas/gpt-6-luna__r1,49e9ef3c3296,pipeline/salida/gpt-6-luna__p5/rubricas/gpt-6-luna__r1/49e9ef3c3296.json,2afc56b0ffcd5fd5d29bebe60b20e804e58a89ace1269677573902ef82185e31,pdfs/pais-vasco/matematicas-ii/2026-extraordinaria-solucion-ehu-a77749e62a45.pdf,6,,gpt-6-luna,r1,completed,False,,True,True,0,13,0,1,0,0,3,False
gpt-6-luna__p5,rubricas/gpt-6-luna__r1,5bf79e24ec75,pipeline/salida/gpt-6-luna__p5/rubricas/gpt-6-luna__r1/5bf79e24ec75.json,a9faab1a523612a1c7a39bcaaefcfe2ab06e71a7f47d0c79d16c1f6e4dc10e88,pdfs/madrid/lengua-castellana-y-literatura-ii/2018-ordinaria-examen-uc3m-5bf79e24ec75.pdf,4,,gpt-6-luna,r1,completed,False,,True,True,0,20,0,0,0,0,0,False
gpt-6-luna__p5,rubricas/gpt-6-luna__r1,9e8570ee562e,pipeline/salida/gpt-6-luna__p5/rubricas/gpt-6-luna__r1/9e8570ee562e.json,6d1be8dcff28bba0d73844efc034a59c3f6238094d4e4b3561d45addb000de8a,pdfs/pais-vasco/matematicas-ii/2021-ordinaria-examen-ehu-9e8570ee562e.pdf,12,,gpt-6-luna,r1,completed,False,,True,True,0,18,0,0,0,0,0,False
gpt-6-luna__p5,rubricas/gpt-6-luna__r2,03364198c8fb,pipeline/salida/gpt-6-luna__p5/rubricas/gpt-6-luna__r2/03364198c8fb.json,3055cc201544fcf1f2e7ee8c8cb6393429d98ec718d334cdedbccaa673e7c200,pdfs/madrid/frances/2025-ordinaria-examen-uc3m-03364198c8fb.pdf,11,,gpt-6-luna,r2,completed,False,,True,True,0,47,0,2,0,0,0,False
gpt-6-luna__p5,rubricas/gpt-6-luna__r2,070c3795d83c,pipeline/salida/gpt-6-luna__p5/rubricas/gpt-6-luna__r2/070c3795d83c.json,f2e50bb4cd4a0137c2ed5ecd030c4dc32fe22dd69d1661adbba90e26d9abb6df,pdfs/pais-vasco/tecnicas-de-expresion-grafico-plastica/2026-extraordinaria-solucion-ehu-d84a81a0f038.pdf,4,,gpt-6-luna,r2,completed,False,,True,True,0,9,0,1,0,0,2,False
gpt-6-luna__p5,rubricas/gpt-6-luna__r2,0a50595f8036,pipeline/salida/gpt-6-luna__p5/rubricas/gpt-6-luna__r2/0a50595f8036.json,36b096b71ba71fcaa5144750c769b787dfe0332d54419392ca69bc560ac2b800,pdfs/madrid/dibujo-artistico-ii/2026-ordinaria-examen-uc3m-0a50595f8036.pdf,3,,gpt-6-luna,r2,completed,False,,True,True,0,2,0,0,0,0,0,False
gpt-6-luna__p5,rubricas/gpt-6-luna__r2,0bed555f767c,pipeline/salida/gpt-6-luna__p5/rubricas/gpt-6-luna__r2/0bed555f767c.json,a365d9af2945ef2cd79d1e8e87f101672d40f5b1a2ed19c9a685dda379e2ff3f,pdfs/madrid/italiano/2018-extraordinaria-examen-uc3m-0bed555f767c.pdf,3,,gpt-6-luna,r2,completed,False,,True,True,0,12,0,0,0,0,0,False
gpt-6-luna__p5,rubricas/gpt-6-luna__r2,16eb4becf2b2,pipeline/salida/gpt-6-luna__p5/rubricas/gpt-6-luna__r2/16eb4becf2b2.json,1cec49a89b3c0f342bce2f488997bfb964c28f435fc5299c5892856dcd2245e1,pdfs/comunidad-valenciana/historia-de-espana/2014-extraordinaria-criterios-llibreta-56d8eca4f480.pdf,4,,gpt-6-luna,r2,completed,False,,True,True,0,11,0,0,0,0,0,False
gpt-6-luna__p5,rubricas/gpt-6-luna__r2,172579fa76d4,pipeline/salida/gpt-6-luna__p5/rubricas/gpt-6-luna__r2/172579fa76d4.json,c3f38a921940f6631a577c711af33a136d11251f12beb40bf5a314df389d2d6c,pdfs/pais-vasco/historia-de-la-filosofia/2021-extraordinaria-examen-ehu-172579fa76d4.pdf,7,,gpt-6-luna,r2,completed,False,,True,True,0,28,0,0,0,0,0,False
gpt-6-luna__p5,rubricas/gpt-6-luna__r2,17445f0ab770,pipeline/salida/gpt-6-luna__p5/rubricas/gpt-6-luna__r2/17445f0ab770.json,61331a134c1868aa46c887a38ea79dbd8bdfe82fab8a25d2b8d1b0b326b128cb,pdfs/comunidad-valenciana/quimica/2023-ordinaria-criterios-llibreta-93c019930f9d.pdf,1,,gpt-6-luna,r2,completed,False,,True,True,0,0,0,0,0,0,1,False
gpt-6-luna__p5,rubricas/gpt-6-luna__r2,1f06fc98f001,pipeline/salida/gpt-6-luna__p5/rubricas/gpt-6-luna__r2/1f06fc98f001.json,910f79f0222be72021609db012bb2573373444ae47d9b2e02cbe4183da27d79d,pdfs/madrid/fisica/2018-ordinaria-examen-uc3m-1f06fc98f001.pdf,3,,gpt-6-luna,r2,completed,False,,True,True,0,0,0,0,0,0,1,False
gpt-6-luna__p5,rubricas/gpt-6-luna__r2,2787fc4d640f,pipeline/salida/gpt-6-luna__p5/rubricas/gpt-6-luna__r2/2787fc4d640f.json,2be4d47e4e1c4596068800c35dad344dbec3c70c5541b65f1cd7964baad42b33,pdfs/madrid/quimica/2019-modelo-modelo-uc3m-2787fc4d640f.pdf,11,,gpt-6-luna,r2,completed,False,,True,True,0,44,0,1,0,0,0,False
gpt-6-luna__p5,rubricas/gpt-6-luna__r2,2e1486f4d824,pipeline/salida/gpt-6-luna__p5/rubricas/gpt-6-luna__r2/2e1486f4d824.json,5e650fafb8cce28bb1d1e66923b917089fd167831b1376b795ea17a885b6baa6,pdfs/comunidad-valenciana/ingles/2022-ordinaria-criterios-llibreta-02a263ae6aa6.pdf,7,,gpt-6-luna,r2,completed,False,,True,True,0,28,0,3,0,0,0,False
gpt-6-luna__p5,rubricas/gpt-6-luna__r2,3068d1110070,pipeline/salida/gpt-6-luna__p5/rubricas/gpt-6-luna__r2/3068d1110070.json,713ae1ce74b7b42c6c647a8f30f1ae7617db610018794621355c3c5db44571bb,pdfs/pais-vasco/analisis-musical-ii/2011-extraordinaria-examen-ehu-3068d1110070.pdf,10,,gpt-6-luna,r2,completed,False,,True,False,0,0,0,0,0,0,1,False
gpt-6-luna__p5,rubricas/gpt-6-luna__r2,32e15229d4e3,pipeline/salida/gpt-6-luna__p5/rubricas/gpt-6-luna__r2/32e15229d4e3.json,c1bb8260e6a2d33dcc11c1581840a12d92cf57bfa11c9815e2cc9b548caa63f7,pdfs/comunidad-valenciana/historia-de-espana/2015-ordinaria-criterios-llibreta-cbf2b68f28e4.pdf,4,,gpt-6-luna,r2,completed,False,,True,True,0,12,0,0,0,0,0,False
gpt-6-luna__p5,rubricas/gpt-6-luna__r2,3469f9a1dc3e,pipeline/salida/gpt-6-luna__p5/rubricas/gpt-6-luna__r2/3469f9a1dc3e.json,640932059e718fd10715f6cbd7e5f14879eaef9edf6d5fb45839c1e39bfd338d,pdfs/comunidad-valenciana/historia-de-espana/2016-extraordinaria-criterios-llibreta-4988a8bfdafc.pdf,4,,gpt-6-luna,r2,completed,False,,True,True,0,12,0,1,0,0,0,False
gpt-6-luna__p5,rubricas/gpt-6-luna__r2,3c134e1125e6,pipeline/salida/gpt-6-luna__p5/rubricas/gpt-6-luna__r2/3c134e1125e6.json,8e8163f719899acf7d43626ee98e129f73a26499fda26c2922fffa9fc8612cc1,pdfs/comunidad-valenciana/historia-de-espana/2026-ordinaria-criterios-llibreta-7c5377981b00.pdf,6,,gpt-6-luna,r2,completed,False,,True,True,0,11,0,1,0,0,0,False
gpt-6-luna__p5,rubricas/gpt-6-luna__r2,41fdc1fe038d,pipeline/salida/gpt-6-luna__p5/rubricas/gpt-6-luna__r2/41fdc1fe038d.json,317e3250cab93323beba4413d2182e40d806d400a5732c320083acfda3299394,pdfs/comunidad-valenciana/historia-de-espana/2013-extraordinaria-criterios-llibreta-fa8d9f01f2bb.pdf,4,,gpt-6-luna,r2,completed,False,,True,True,0,10,0,0,0,0,0,False
gpt-6-luna__p5,rubricas/gpt-6-luna__r2,42576f6f84fc,pipeline/salida/gpt-6-luna__p5/rubricas/gpt-6-luna__r2/42576f6f84fc.json,0889bb296496c9f66189a62853f4357c27af82689231548ceb573b1506feafd9,pdfs/comunidad-valenciana/lengua-castellana-y-literatura-ii/2020-extraordinaria-criterios-llibreta-3be7c4d2789f.pdf,2,,gpt-6-luna,r2,completed,False,,True,True,0,15,0,1,0,0,0,False
gpt-6-luna__p5,rubricas/gpt-6-luna__r2,488817140d92,pipeline/salida/gpt-6-luna__p5/rubricas/gpt-6-luna__r2/488817140d92.json,4a4fe1497ec0a183fb4712a078fe05fc9ef47603554f223fea73d95d1413e89d,pdfs/comunidad-valenciana/historia-de-espana/2012-ordinaria-criterios-llibreta-bfb9aecda4b2.pdf,4,,gpt-6-luna,r2,completed,False,,True,True,0,16,0,0,0,0,0,False
gpt-6-luna__p5,rubricas/gpt-6-luna__r2,49e9ef3c3296,pipeline/salida/gpt-6-luna__p5/rubricas/gpt-6-luna__r2/49e9ef3c3296.json,b5957164b63f1eace21e1babeef23012f6cec041052a8fa8d3f16b1bb0b975ad,pdfs/pais-vasco/matematicas-ii/2026-extraordinaria-solucion-ehu-a77749e62a45.pdf,6,,gpt-6-luna,r2,completed,False,,True,True,0,13,0,1,0,0,2,False
gpt-6-luna__p5,rubricas/gpt-6-luna__r2,4a7c96ae2912,pipeline/salida/gpt-6-luna__p5/rubricas/gpt-6-luna__r2/4a7c96ae2912.json,d4cd948780d619c8e9fae784a5d1ff69350b69e577958e5f198fe67fa9bb7195,pdfs/pais-vasco/historia-de-la-musica-y-de-la-danza/2012-extraordinaria-examen-ehu-4a7c96ae2912.pdf,15,,gpt-6-luna,r2,completed,False,,True,True,0,14,0,4,0,0,4,False
gpt-6-luna__p5,rubricas/gpt-6-luna__r2,4afa0f0f8a54,pipeline/salida/gpt-6-luna__p5/rubricas/gpt-6-luna__r2/4afa0f0f8a54.json,9132dd220465f299822a4c02e3fc8de6588b87c19bb163c997637b8e35f30f58,pdfs/madrid/coro-y-tecnica-vocal-ii/2025-ordinaria-examen-uc3m-4afa0f0f8a54.pdf,6,,gpt-6-luna,r2,completed,False,,True,True,0,28,0,4,0,0,0,False
gpt-6-luna__p5,rubricas/gpt-6-luna__r2,4e4bbca013d1,pipeline/salida/gpt-6-luna__p5/rubricas/gpt-6-luna__r2/4e4bbca013d1.json,eb432521637f68201f995c2a9cd84496bd0217a4deb181df56d2a2b2df5f7b5b,pdfs/comunidad-valenciana/lengua-castellana-y-literatura-ii/2024-ordinaria-criterios-llibreta-1c8617a16bb4.pdf,9,,gpt-6-luna,r2,completed,False,,True,True,0,24,0,2,0,0,0,False
gpt-6-luna__p5,rubricas/gpt-6-luna__r2,4e703d87e493,pipeline/salida/gpt-6-luna__p5/rubricas/gpt-6-luna__r2/4e703d87e493.json,416a644827db6fff3c0a2c36bb61d0338fbc4a83d455672bdbdc021d0fbb0b4d,pdfs/comunidad-valenciana/historia-de-espana/2017-extraordinaria-criterios-llibreta-897d080bd341.pdf,4,,gpt-6-luna,r2,completed,False,,True,True,0,12,0,0,0,0,0,False
gpt-6-luna__p5,rubricas/gpt-6-luna__r2,5091bd5d23ad,pipeline/salida/gpt-6-luna__p5/rubricas/gpt-6-luna__r2/5091bd5d23ad.json,a803aaab918d9a7755ece9c4e7110e805626dbb6b1510196cd0a14dd370ba22c,pdfs/comunidad-valenciana/lengua-castellana-y-literatura-ii/2022-extraordinaria-criterios-llibreta-8399809a0379.pdf,9,,gpt-6-luna,r2,completed,False,,True,True,0,21,0,2,1,0,1,False
gpt-6-luna__p5,rubricas/gpt-6-luna__r2,53bf68f29024,pipeline/salida/gpt-6-luna__p5/rubricas/gpt-6-luna__r2/53bf68f29024.json,645ff47250549c5a2a621f59ff7db4a382e42878a8f168741fff75770f4e936b,pdfs/comunidad-valenciana/lengua-castellana-y-literatura-ii/2021-extraordinaria-criterios-llibreta-aabb95c9b4c7.pdf,2,,gpt-6-luna,r2,completed,False,,True,True,0,14,0,0,0,0,0,False
gpt-6-luna__p5,rubricas/gpt-6-luna__r2,5bf79e24ec75,pipeline/salida/gpt-6-luna__p5/rubricas/gpt-6-luna__r2/5bf79e24ec75.json,c15f20f89dd895dfd604b0f7e6884317c17c631a0def592406f9bf679de72ebc,pdfs/madrid/lengua-castellana-y-literatura-ii/2018-ordinaria-examen-uc3m-5bf79e24ec75.pdf,4,,gpt-6-luna,r2,completed,False,,True,True,0,24,0,0,0,0,0,False
gpt-6-luna__p5,rubricas/gpt-6-luna__r2,6446ce8ed0cf,pipeline/salida/gpt-6-luna__p5/rubricas/gpt-6-luna__r2/6446ce8ed0cf.json,f7f5051dbaacb8d05de749a46d79fb0666c77447ac7aa90e018ea6b033cbd926,pdfs/comunidad-valenciana/lengua-castellana-y-literatura-ii/2019-ordinaria-criterios-llibreta-1de3dcc88832.pdf,2,,gpt-6-luna,r2,completed,False,,True,True,0,14,0,1,0,0,0,False
gpt-6-luna__p5,rubricas/gpt-6-luna__r2,6649ce9eecb2,pipeline/salida/gpt-6-luna__p5/rubricas/gpt-6-luna__r2/6649ce9eecb2.json,89b59c7fcdb00d9fc7a7d8dd3c845d05bea2cefeb3738cd18c63ef9d854b229b,pdfs/comunidad-valenciana/lengua-castellana-y-literatura-ii/2023-ordinaria-criterios-llibreta-c4afc8d9c75a.pdf,11,,gpt-6-luna,r2,completed,False,,True,True,0,22,0,4,0,0,0,False
gpt-6-luna__p5,rubricas/gpt-6-luna__r2,67eea232db63,pipeline/salida/gpt-6-luna__p5/rubricas/gpt-6-luna__r2/67eea232db63.json,fce42453f80be1065690317762811f5e5bbef7eee18ab1bfb57460414a0c8b0a,pdfs/pais-vasco/dibujo-tecnico-ii/2024-extraordinaria-examen-ehu-67eea232db63.pdf,22,,gpt-6-luna,r2,completed,False,,True,True,0,9,0,2,0,0,0,False
gpt-6-luna__p5,rubricas/gpt-6-luna__r2,68febd0b4352,pipeline/salida/gpt-6-luna__p5/rubricas/gpt-6-luna__r2/68febd0b4352.json,319c9db0185e0785c033b54d585b8556b3b5583401a6471568a44b1187dd14a5,pdfs/pais-vasco/latin-ii/2022-extraordinaria-examen-ehu-68febd0b4352.pdf,8,,gpt-6-luna,r2,completed,False,,True,True,0,11,0,1,0,0,0,False
gpt-6-luna__p5,rubricas/gpt-6-luna__r2,6a2a804ce68f,pipeline/salida/gpt-6-luna__p5/rubricas/gpt-6-luna__r2/6a2a804ce68f.json,0cd396b48f33cbe1cce71957186bbf787d384fcb1566be2da4f0ea7c21a8d03b,pdfs/comunidad-valenciana/quimica/2016-ordinaria-criterios-llibreta-eec87a4e121c.pdf,1,,gpt-6-luna,r2,completed,False,,True,True,0,0,0,0,0,0,1,False
gpt-6-luna__p5,rubricas/gpt-6-luna__r2,7336bed75af4,pipeline/salida/gpt-6-luna__p5/rubricas/gpt-6-luna__r2/7336bed75af4.json,9f25aaf4376741bac59a4f880b049b88722185ea8e124ef718d80ab3e27349f0,pdfs/comunidad-valenciana/historia-de-espana/2018-extraordinaria-criterios-llibreta-626c9a4b4e3c.pdf,4,,gpt-6-luna,r2,completed,False,,True,True,0,10,0,2,0,0,0,False
gpt-6-luna__p5,rubricas/gpt-6-luna__r2,73d799a38839,pipeline/salida/gpt-6-luna__p5/rubricas/gpt-6-luna__r2/73d799a38839.json,e1d08955637c9836fccd22e98b8ae6406300d8817e08c375c913cb990f1081ea,pdfs/pais-vasco/lengua-vasca-y-literatura-ii/2025-ordinaria-solucion-ehu-3f8e49538d86.pdf,5,,gpt-6-luna,r2,completed,False,,True,True,0,32,0,0,0,0,0,False
gpt-6-luna__p5,rubricas/gpt-6-luna__r2,785105ac7ec2,pipeline/salida/gpt-6-luna__p5/rubricas/gpt-6-luna__r2/785105ac7ec2.json,9e2ebe772e3b18539548aafe8f848f5cb232f9327b83e7d0134859dbf43250bd,pdfs/madrid/aleman/2018-ordinaria-examen-uc3m-785105ac7ec2.pdf,5,,gpt-6-luna,r2,completed,False,,True,True,0,10,0,1,0,0,2,False
gpt-6-luna__p5,rubricas/gpt-6-luna__r2,7a8748608425,pipeline/salida/gpt-6-luna__p5/rubricas/gpt-6-luna__r2/7a8748608425.json,b2e615dfb6df1c9cca85e2a886c114c1c1e6e2178a8818609a7c71b0a2e4ff6e,pdfs/comunidad-valenciana/historia-de-espana/2019-ordinaria-criterios-llibreta-db1138ec6522.pdf,4,,gpt-6-luna,r2,completed,False,,True,True,0,12,0,0,0,0,0,False
gpt-6-luna__p5,rubricas/gpt-6-luna__r2,7e1bad7a80fd,pipeline/salida/gpt-6-luna__p5/rubricas/gpt-6-luna__r2/7e1bad7a80fd.json,b25ffb4233641cde1982db50b1ab71a9d7d72afa2f41bd1604f2aab854366be6,pdfs/pais-vasco/ciencias-generales/2025-ordinaria-solucion-ehu-87ed6f23bee3.pdf,7,,gpt-6-luna,r2,completed,False,,True,True,0,27,0,2,0,0,7,False
gpt-6-luna__p5,rubricas/gpt-6-luna__r2,8298a6121d59,pipeline/salida/gpt-6-luna__p5/rubricas/gpt-6-luna__r2/8298a6121d59.json,c65864431c48cb9ddbe96fb6032f4fa033e755b99d7b3352cef03fcb7b965f7c,pdfs/comunidad-valenciana/fisica/2019-extraordinaria-criterios-llibreta-c27668c730a9.pdf,2,,gpt-6-luna,r2,completed,False,,True,True,0,10,0,0,0,0,2,False
gpt-6-luna__p5,rubricas/gpt-6-luna__r2,85dac4a830fa,pipeline/salida/gpt-6-luna__p5/rubricas/gpt-6-luna__r2/85dac4a830fa.json,f82fe08731650d89d794954cde7f6de6fbf4c86691b90433606fdcdc6c7921a6,pdfs/madrid/historia-de-la-filosofia/2019-extraordinaria-examen-uc3m-85dac4a830fa.pdf,3,,gpt-6-luna,r2,completed,False,,True,True,0,8,0,0,0,0,0,False
gpt-6-luna__p5,rubricas/gpt-6-luna__r2,873535963f9d,pipeline/salida/gpt-6-luna__p5/rubricas/gpt-6-luna__r2/873535963f9d.json,dbd763f894dc4107d9f89ef437a12c7d59f5808869b8276ecb56091265be1a46,pdfs/comunidad-valenciana/historia-de-espana/2017-ordinaria-criterios-llibreta-4d17545945cd.pdf,4,,gpt-6-luna,r2,completed,False,,True,True,0,16,0,3,0,0,0,False
gpt-6-luna__p5,rubricas/gpt-6-luna__r2,8daec23be074,pipeline/salida/gpt-6-luna__p5/rubricas/gpt-6-luna__r2/8daec23be074.json,ed4e0722d0c7081aec0fa99fb89a463d079bcde2d181855380d8fe6a45e416eb,pdfs/madrid/cultura-audiovisual/2023-ordinaria-examen-uc3m-8daec23be074.pdf,9,,gpt-6-luna,r2,completed,False,,True,True,0,8,0,2,0,0,0,False
gpt-6-luna__p5,rubricas/gpt-6-luna__r2,8f1700eef6e5,pipeline/salida/gpt-6-luna__p5/rubricas/gpt-6-luna__r2/8f1700eef6e5.json,23463704fdd0eec05d19e3ca6b3559e48fc52a50587117a8ab0a87ce993e2a2e,pdfs/comunidad-valenciana/historia-de-espana/2016-ordinaria-criterios-llibreta-4937469543e4.pdf,4,,gpt-6-luna,r2,completed,False,,True,True,0,12,0,2,0,0,0,False
gpt-6-luna__p5,rubricas/gpt-6-luna__r2,907fb92539f2,pipeline/salida/gpt-6-luna__p5/rubricas/gpt-6-luna__r2/907fb92539f2.json,1333eee88a1c38f1749850cc3fd222f5db1fa6d5dd3386e85b5500ac93ef29b7,pdfs/comunidad-valenciana/lengua-castellana-y-literatura-ii/2017-extraordinaria-criterios-llibreta-db0e3f40ff5a.pdf,2,,gpt-6-luna,r2,completed,False,,True,True,0,12,0,0,0,0,0,False
gpt-6-luna__p5,rubricas/gpt-6-luna__r2,929807ad22eb,pipeline/salida/gpt-6-luna__p5/rubricas/gpt-6-luna__r2/929807ad22eb.json,f6c53224dc09a4f3a7e27f5169bbe58446ae372e1d59098fecad7e904cb72539,pdfs/comunidad-valenciana/lengua-castellana-y-literatura-ii/2022-ordinaria-criterios-llibreta-b073b8e5856e.pdf,9,,gpt-6-luna,r2,completed,False,,True,True,0,23,0,1,0,0,0,False
gpt-6-luna__p5,rubricas/gpt-6-luna__r2,933b666312f9,pipeline/salida/gpt-6-luna__p5/rubricas/gpt-6-luna__r2/933b666312f9.json,0d92c97df4174279bbcc8a1f4189e17dbd4d8a8a0e45af32126bc064b4fb413d,pdfs/madrid/geografia/2019-ordinaria-examen-uc3m-933b666312f9.pdf,8,,gpt-6-luna,r2,completed,False,,True,True,0,10,0,0,0,0,2,False
gpt-6-luna__p5,rubricas/gpt-6-luna__r2,942b1778f510,pipeline/salida/gpt-6-luna__p5/rubricas/gpt-6-luna__r2/942b1778f510.json,aff81b8bc1ba120a53490b7f7e66f0d625e4d09e39ec8c70d277dd9191385650,pdfs/comunidad-valenciana/lengua-castellana-y-literatura-ii/2018-extraordinaria-criterios-llibreta-308a96165b02.pdf,2,,gpt-6-luna,r2,completed,False,,True,True,0,10,0,0,1,0,0,False
gpt-6-luna__p5,rubricas/gpt-6-luna__r2,98f921b58193,pipeline/salida/gpt-6-luna__p5/rubricas/gpt-6-luna__r2/98f921b58193.json,14d3121d0721eac33c6d1ea008101149ab8908a5496881c5973e9638f6e3a4e2,pdfs/comunidad-valenciana/historia-de-espana/2011-ordinaria-criterios-llibreta-03700fae00e8.pdf,4,,gpt-6-luna,r2,completed,False,,True,True,0,10,0,2,0,0,0,False
gpt-6-luna__p5,rubricas/gpt-6-luna__r2,9c4cbc92103b,pipeline/salida/gpt-6-luna__p5/rubricas/gpt-6-luna__r2/9c4cbc92103b.json,5c09fd9f98a962938fc6610932aa43c11d4d197c0a3d15fd690aaafad5c74f1a,pdfs/madrid/frances/2025-extraordinaria-examen-coincidencias-uc3m-9c4cbc92103b.pdf,10,,gpt-6-luna,r2,completed,False,,True,True,0,29,0,2,0,0,0,False
gpt-6-luna__p5,rubricas/gpt-6-luna__r2,9c694c304495,pipeline/salida/gpt-6-luna__p5/rubricas/gpt-6-luna__r2/9c694c304495.json,112cd7d4ecc5b2532a8dbb4d477bd4c0ba48f6ce2bd68c64527c19401f65a227,pdfs/comunidad-valenciana/lengua-castellana-y-literatura-ii/2026-extraordinaria-criterios-llibreta-7ce8d18d74a3.pdf,3,,gpt-6-luna,r2,completed,False,,True,True,0,10,0,1,1,0,0,False
gpt-6-luna__p5,rubricas/gpt-6-luna__r2,9e8570ee562e,pipeline/salida/gpt-6-luna__p5/rubricas/gpt-6-luna__r2/9e8570ee562e.json,48ffe3522cb8c2434d0bd72f8356840d8338605431f7690230c4daaed1109447,pdfs/pais-vasco/matematicas-ii/2021-ordinaria-examen-ehu-9e8570ee562e.pdf,12,,gpt-6-luna,r2,completed,False,,True,True,0,18,0,0,0,0,0,False
gpt-6-luna__p5,rubricas/gpt-6-luna__r2,a05dd314b1f2,pipeline/salida/gpt-6-luna__p5/rubricas/gpt-6-luna__r2/a05dd314b1f2.json,b2006cd89793dbdd554ca415090a1e48c81eb81d7f2aefc2c0e002840df695c9,pdfs/madrid/literatura-dramatica/2026-extraordinaria-examen-uc3m-a05dd314b1f2.pdf,6,,gpt-6-luna,r2,completed,False,,True,True,0,22,0,2,0,0,0,False
gpt-6-luna__p5,rubricas/gpt-6-luna__r2,a0e4c2414f7c,pipeline/salida/gpt-6-luna__p5/rubricas/gpt-6-luna__r2/a0e4c2414f7c.json,a5e43ec341100e51b2dd995d0aaeaf67b9356cd22019cba1957749865cc5eb57,pdfs/comunidad-valenciana/lengua-castellana-y-literatura-ii/2026-ordinaria-criterios-llibreta-9c933ec786f1.pdf,3,,gpt-6-luna,r2,completed,False,,True,True,0,8,0,1,1,0,0,False
gpt-6-luna__p5,rubricas/gpt-6-luna__r2,a2af56a74785,pipeline/salida/gpt-6-luna__p5/rubricas/gpt-6-luna__r2/a2af56a74785.json,cb802c537bd3df0bfaf298dc171897258f130d5a84dabdc36d70dea6d342a1c1,pdfs/pais-vasco/geologia-y-ciencias-ambientales/2026-extraordinaria-solucion-ehu-5efbf34ebedd.pdf,7,,gpt-6-luna,r2,completed,False,,True,True,0,30,0,1,0,0,0,False
gpt-6-luna__p5,rubricas/gpt-6-luna__r2,a48e0ad45b08,pipeline/salida/gpt-6-luna__p5/rubricas/gpt-6-luna__r2/a48e0ad45b08.json,386a5b6d40b63a4def290e535e0065d218a475c8b5b02b5348c2f4c7765e4886,pdfs/comunidad-valenciana/lengua-castellana-y-literatura-ii/2020-ordinaria-criterios-llibreta-ed0edcc753de.pdf,2,,gpt-6-luna,r2,completed,False,,True,True,0,15,0,1,0,0,0,False
gpt-6-luna__p5,rubricas/gpt-6-luna__r2,a64fafe8c661,pipeline/salida/gpt-6-luna__p5/rubricas/gpt-6-luna__r2/a64fafe8c661.json,a009dfd2eabb9ccd27ff3144799f4bfcd33e945df4a2209ca5ab24338c28bfa8,pdfs/comunidad-valenciana/historia-de-espana/2014-ordinaria-criterios-llibreta-5e0d20f9ae2d.pdf,4,,gpt-6-luna,r2,completed,False,,True,True,0,14,0,2,0,0,0,False
gpt-6-luna__p5,rubricas/gpt-6-luna__r2,a657e3b0b744,pipeline/salida/gpt-6-luna__p5/rubricas/gpt-6-luna__r2/a657e3b0b744.json,39407a3fb4df1b2a934ef2a9e2fbeac406833b86d494181b8b22c8fec062224c,pdfs/comunidad-valenciana/lengua-castellana-y-literatura-ii/2025-extraordinaria-criterios-dana-llibreta-36eb613ac5e3.pdf,2,,gpt-6-luna,r2,completed,False,,True,True,0,10,0,1,1,0,0,False
gpt-6-luna__p5,rubricas/gpt-6-luna__r2,ab690a84e30c,pipeline/salida/gpt-6-luna__p5/rubricas/gpt-6-luna__r2/ab690a84e30c.json,b55a2d71c6412c022970fb021e0d394f504d5e6b0221a0ca93950d49cbeeb423,pdfs/comunidad-valenciana/ingles/2018-extraordinaria-criterios-llibreta-02c5957c411d.pdf,4,,gpt-6-luna,r2,completed,False,,True,True,0,34,0,4,0,0,10,False
gpt-6-luna__p5,rubricas/gpt-6-luna__r2,acbda9a58213,pipeline/salida/gpt-6-luna__p5/rubricas/gpt-6-luna__r2/acbda9a58213.json,dd7e750ba1a8af14c7d27b9956dbcce69e29035f13974cf1c3d7fae046621b6b,pdfs/comunidad-valenciana/matematicas-aplicadas-a-las-ccss-ii/2022-ordinaria-criterios-llibreta-62af687fbe22.pdf,6,,gpt-6-luna,r2,completed,False,,True,True,0,21,0,1,0,0,0,False
gpt-6-luna__p5,rubricas/gpt-6-luna__r2,b3ab481497c0,pipeline/salida/gpt-6-luna__p5/rubricas/gpt-6-luna__r2/b3ab481497c0.json,69f1f017e93c709241380452aee5a2998a2993698deebb7313e14f5755486ae9,pdfs/comunidad-valenciana/historia-de-espana/2012-extraordinaria-criterios-llibreta-64d48c69f111.pdf,4,,gpt-6-luna,r2,completed,False,,True,True,0,11,0,1,0,0,0,False
gpt-6-luna__p5,rubricas/gpt-6-luna__r2,b5ab08876761,pipeline/salida/gpt-6-luna__p5/rubricas/gpt-6-luna__r2/b5ab08876761.json,6d09f7abc4a11686afbad61979cb4d97c82f6e8f458b8a0999b327cf85798d11,pdfs/comunidad-valenciana/historia-de-espana/2019-extraordinaria-criterios-llibreta-ca573ed5c4a1.pdf,4,,gpt-6-luna,r2,completed,False,,True,True,0,12,0,0,0,0,0,False
gpt-6-luna__p5,rubricas/gpt-6-luna__r2,b8bc434a54f5,pipeline/salida/gpt-6-luna__p5/rubricas/gpt-6-luna__r2/b8bc434a54f5.json,7365ce7144e98202be1afb32b9ba1388fab7f9edd7728ad3dd58dc144f4c6351,pdfs/comunidad-valenciana/historia-de-espana/2011-extraordinaria-criterios-llibreta-92af7f25d59b.pdf,4,,gpt-6-luna,r2,completed,False,,True,True,0,12,0,0,0,0,0,False
gpt-6-luna__p5,rubricas/gpt-6-luna__r2,b996e7795739,pipeline/salida/gpt-6-luna__p5/rubricas/gpt-6-luna__r2/b996e7795739.json,8f5e32a6552f80171fa6b4171962e0e41402a6258abd90a00919e18d863b0d3d,pdfs/comunidad-valenciana/lengua-castellana-y-literatura-ii/2025-extraordinaria-criterios-llibreta-361720afddf5.pdf,8,,gpt-6-luna,r2,completed,False,,True,True,0,23,0,1,0,0,0,False
gpt-6-luna__p5,rubricas/gpt-6-luna__r2,be1849698853,pipeline/salida/gpt-6-luna__p5/rubricas/gpt-6-luna__r2/be1849698853.json,e7363647d60ecf38fbfea9840d9121f3205f95040afb2b039116f57cf498a7ec,pdfs/madrid/diseno/2023-ordinaria-examen-uc3m-be1849698853.pdf,7,,gpt-6-luna,r2,completed,False,,True,True,0,10,0,0,0,0,5,False
gpt-6-luna__p5,rubricas/gpt-6-luna__r2,c159097f9120,pipeline/salida/gpt-6-luna__p5/rubricas/gpt-6-luna__r2/c159097f9120.json,7fb0d28dcceb4a14d534d5cee5328a49c931b64b29fc32117458fe1fba68074b,pdfs/comunidad-valenciana/lengua-castellana-y-literatura-ii/2025-ordinaria-criterios-llibreta-7cbb3317ab4c.pdf,6,,gpt-6-luna,r2,completed,False,,True,False,0,0,0,0,0,0,1,False
gpt-6-luna__p5,rubricas/gpt-6-luna__r2,c18e08692807,pipeline/salida/gpt-6-luna__p5/rubricas/gpt-6-luna__r2/c18e08692807.json,828d0ac206c247d5d10ae24597fe2b0dab5153960ca0eb4725e5853ec3fa2397,pdfs/comunidad-valenciana/lengua-castellana-y-literatura-ii/2016-extraordinaria-criterios-llibreta-e05165015213.pdf,2,,gpt-6-luna,r2,completed,False,,True,True,0,14,0,2,0,0,0,False
gpt-6-luna__p5,rubricas/gpt-6-luna__r2,c1e0cd9998cb,pipeline/salida/gpt-6-luna__p5/rubricas/gpt-6-luna__r2/c1e0cd9998cb.json,6b4adc6b6b6b2e54b2d769e0cb8372689be7d2cb0630f7e170259412183382c7,pdfs/madrid/italiano/2021-extraordinaria-examen-coincidencias-uc3m-c1e0cd9998cb.pdf,4,,gpt-6-luna,r2,completed,False,,True,True,0,34,0,0,0,0,0,False
gpt-6-luna__p5,rubricas/gpt-6-luna__r2,cd011dfc3111,pipeline/salida/gpt-6-luna__p5/rubricas/gpt-6-luna__r2/cd011dfc3111.json,7738bdb2411255f05b1040fede2478059fdde78b800d1ed8f18c84df69db863e,pdfs/comunidad-valenciana/historia-de-espana/2018-ordinaria-criterios-llibreta-1f26a8daac4b.pdf,4,,gpt-6-luna,r2,completed,False,,True,True,0,12,0,0,0,0,0,False
gpt-6-luna__p5,rubricas/gpt-6-luna__r2,cdd0f4f759e1,pipeline/salida/gpt-6-luna__p5/rubricas/gpt-6-luna__r2/cdd0f4f759e1.json,c85b9b7c4b9612fc7618ac5137fdf046cf581c85cccadf92a681fb80562034bf,pdfs/comunidad-valenciana/historia-de-espana/2026-extraordinaria-criterios-llibreta-a94284193403.pdf,6,,gpt-6-luna,r2,completed,False,,True,True,0,11,0,2,0,0,0,False
gpt-6-luna__p5,rubricas/gpt-6-luna__r2,ce17d1837c64,pipeline/salida/gpt-6-luna__p5/rubricas/gpt-6-luna__r2/ce17d1837c64.json,947490a95cccbe94fd33fdd4d9bf84d85a47e421aa0eba68a2cf22b407d1df70,pdfs/pais-vasco/literatura-universal/2013-extraordinaria-examen-ehu-ce17d1837c64.pdf,6,,gpt-6-luna,r2,completed,False,,True,True,0,8,0,0,0,0,0,False
gpt-6-luna__p5,rubricas/gpt-6-luna__r2,cf8f175f86e7,pipeline/salida/gpt-6-luna__p5/rubricas/gpt-6-luna__r2/cf8f175f86e7.json,3f3b47632ccb26b96bd3bdb3485de0cfc08307a8999f16188ce758d18ab37a3f,pdfs/pais-vasco/movimientos-culturales-y-artisticos/2024-ordinaria-examen-ehu-cf8f175f86e7.pdf,7,,gpt-6-luna,r2,completed,False,,True,True,0,32,0,0,0,0,0,False
gpt-6-luna__p5,rubricas/gpt-6-luna__r2,d1e0bad7ac24,pipeline/salida/gpt-6-luna__p5/rubricas/gpt-6-luna__r2/d1e0bad7ac24.json,80bad897ba8a49ec9271825a465894ef176901472dbecafddfca9662b23b7f33,pdfs/comunidad-valenciana/historia-de-espana/2015-extraordinaria-criterios-llibreta-f68f760ed36b.pdf,4,,gpt-6-luna,r2,completed,False,,True,True,0,12,0,2,0,0,0,False
gpt-6-luna__p5,rubricas/gpt-6-luna__r2,d33db3386e53,pipeline/salida/gpt-6-luna__p5/rubricas/gpt-6-luna__r2/d33db3386e53.json,2f4febce7bd6ef964ab492d91a9115b880a4450039050a1b38f42955090059c0,pdfs/comunidad-valenciana/lengua-castellana-y-literatura-ii/2018-ordinaria-criterios-llibreta-c98a4e164b4e.pdf,2,,gpt-6-luna,r2,completed,False,,True,True,0,10,0,1,1,0,0,False
gpt-6-luna__p5,rubricas/gpt-6-luna__r2,d54d5d841933,pipeline/salida/gpt-6-luna__p5/rubricas/gpt-6-luna__r2/d54d5d841933.json,2ff10733d6a99bea9f7b22f6a5159deb4e1a2d66fac2aa4f840f934a131f04a8,pdfs/comunidad-valenciana/lengua-castellana-y-literatura-ii/2019-extraordinaria-criterios-llibreta-8ab2c47bc539.pdf,2,,gpt-6-luna,r2,completed,False,,True,True,0,14,0,1,0,0,0,False
gpt-6-luna__p5,rubricas/gpt-6-luna__r2,d779a6b74aba,pipeline/salida/gpt-6-luna__p5/rubricas/gpt-6-luna__r2/d779a6b74aba.json,3bd0652fccf63a9cc8322fd5f2c99b4fef4cd417d78b6e537e6e6c17ed0a9145,pdfs/comunidad-valenciana/historia-de-espana/2013-ordinaria-criterios-llibreta-9db6504234c3.pdf,4,,gpt-6-luna,r2,completed,False,,True,True,0,16,0,0,0,0,0,False
gpt-6-luna__p5,rubricas/gpt-6-luna__r2,db08dd7416d3,pipeline/salida/gpt-6-luna__p5/rubricas/gpt-6-luna__r2/db08dd7416d3.json,31a5a927e88b34d9d2716ae0f153292d730660cf876d55c31409efa84e5d7206,pdfs/comunidad-valenciana/lengua-castellana-y-literatura-ii/2024-extraordinaria-criterios-llibreta-cfcd341d1891.pdf,9,,gpt-6-luna,r2,completed,False,,True,True,0,20,0,2,0,0,0,False
gpt-6-luna__p5,rubricas/gpt-6-luna__r2,dfa70105641a,pipeline/salida/gpt-6-luna__p5/rubricas/gpt-6-luna__r2/dfa70105641a.json,0eb4561fddc859b7fc16f84c7e1780b6d81141eaf68a8a0112600249614672df,pdfs/comunidad-valenciana/lengua-castellana-y-literatura-ii/2021-ordinaria-criterios-llibreta-bfe03280bb50.pdf,2,,gpt-6-luna,r2,completed,False,,True,True,0,15,0,0,1,0,0,False
gpt-6-luna__p5,rubricas/gpt-6-luna__r2,eb1d77ddf433,pipeline/salida/gpt-6-luna__p5/rubricas/gpt-6-luna__r2/eb1d77ddf433.json,e56244f99c345d65d16da1b185770f7f007bee86ff109ee8bbf2d7a68867d7af,pdfs/comunidad-valenciana/lengua-castellana-y-literatura-ii/2023-extraordinaria-criterios-llibreta-73c25f2247ec.pdf,10,,gpt-6-luna,r2,completed,False,,True,True,0,20,0,2,0,0,0,False
gpt-6-luna__p5,rubricas/gpt-6-luna__r2,ed03ea4e6cf8,pipeline/salida/gpt-6-luna__p5/rubricas/gpt-6-luna__r2/ed03ea4e6cf8.json,cead892dbdc055827e9676f30e6c5326e2f5521e2fe223710d55a2dda315347c,pdfs/madrid/artes-escenicas-ii/2020-ordinaria-examen-coincidencias-uc3m-ed03ea4e6cf8.pdf,12,,gpt-6-luna,r2,completed,False,,True,True,0,16,0,0,0,0,0,False
gpt-6-luna__p5,soluciones/gpt-6-luna__s1/academia,09feb8541d90,pipeline/salida/gpt-6-luna__p5/soluciones/gpt-6-luna__s1/academia/09feb8541d90.json,d4f0dfe23593c23be00759f39f48938527466ce91c714795a502c10dbaf78c54,pdfs/comunidad-valenciana/historia-de-espana/2021-ordinaria-solucion-llibreta-e91853eaf194.pdf,11,,gpt-6-luna,s1,completed,False,,True,True,0,12,0,2,0,0,0,False
gpt-6-luna__p5,soluciones/gpt-6-luna__s1/academia,16d0161b5c29,pipeline/salida/gpt-6-luna__p5/soluciones/gpt-6-luna__s1/academia/16d0161b5c29.json,293b795404ea4900ad0ee4dc85f4d92dd262efa7fac7c1fed1b03fc304f853d3,pdfs/comunidad-valenciana/historia-de-espana/2020-ordinaria-solucion-llibreta-cc054e488195.pdf,11,,gpt-6-luna,s1,completed,False,,True,True,0,12,0,2,0,0,0,False
gpt-6-luna__p5,soluciones/gpt-6-luna__s1/academia,1b0c55921d01,pipeline/salida/gpt-6-luna__p5/soluciones/gpt-6-luna__s1/academia/1b0c55921d01.json,4c96e8bbafa9eb704ced8d836cbbf628f22e828a0a42ba1856e0d92e835de789,pdfs/comunidad-valenciana/historia-de-espana/2022-ordinaria-solucion-llibreta-b2c85fae1b4e.pdf,8,,gpt-6-luna,s1,completed,True,,True,True,0,12,0,1,0,0,0,False
gpt-6-luna__p5,soluciones/gpt-6-luna__s1/academia,25fcf7208b8f,pipeline/salida/gpt-6-luna__p5/soluciones/gpt-6-luna__s1/academia/25fcf7208b8f.json,1b777db22069fef3d75dda2f2754cdb3e6922a5c20492dc74853952ce819362d,pdfs/madrid/matematicas-ii/2022-ordinaria-solucion-mundoestudiante-3ad37f8a71fd.pdf,9,,gpt-6-luna,s1,completed,True,,True,True,0,21,0,3,0,1,0,False
gpt-6-luna__p5,soluciones/gpt-6-luna__s1/academia,334e3227bf82,pipeline/salida/gpt-6-luna__p5/soluciones/gpt-6-luna__s1/academia/334e3227bf82.json,84426ec1324e225de9078a2e84347db6433e07da61837db768832332e5ea12cd,pdfs/comunidad-valenciana/historia-de-espana/2023-extraordinaria-solucion-llibreta-31af0002c6ff.pdf,9,,gpt-6-luna,s1,completed,True,,True,True,0,12,0,2,0,0,0,False
gpt-6-luna__p5,soluciones/gpt-6-luna__s1/academia,6426459db740,pipeline/salida/gpt-6-luna__p5/soluciones/gpt-6-luna__s1/academia/6426459db740.json,38543208f380af1ebff2186825abc64469339da0de4ff856692086fb0d97b9e3,pdfs/madrid/historia-de-espana/2021-extraordinaria-solucion-mundoestudiante-419c32445ca2.pdf,12,,gpt-6-luna,s1,completed,True,,True,True,0,20,0,1,0,0,0,False
gpt-6-luna__p5,soluciones/gpt-6-luna__s1/oficial,01808acbd270,pipeline/salida/gpt-6-luna__p5/soluciones/gpt-6-luna__s1/oficial/01808acbd270.json,892be7ced3c4b235866781c30bdef7e8bef72545bbfa5f8c0809693081a255d8,pdfs/madrid/historia-de-espana/2024-extraordinaria-examen-coincidencias-uc3m-01808acbd270.pdf,7,,gpt-6-luna,s1,completed,True,,True,False,0,0,0,0,0,0,1,False
gpt-6-luna__p5,soluciones/gpt-6-luna__s1/oficial,053608cf06ee,pipeline/salida/gpt-6-luna__p5/soluciones/gpt-6-luna__s1/oficial/053608cf06ee.json,993c21c1801ab55e6c2b9ce934ab18b46a09698a941a4e41062e8cdb05dc2231,pdfs/comunidad-valenciana/lengua-castellana-y-literatura-ii/2013-extraordinaria-criterios-llibreta-2b63a12d4e02.pdf,2,,gpt-6-luna,s1,completed,True,,True,False,0,0,0,0,0,0,1,False
gpt-6-luna__p5,soluciones/gpt-6-luna__s1/oficial,070c3795d83c,pipeline/salida/gpt-6-luna__p5/soluciones/gpt-6-luna__s1/oficial/070c3795d83c.json,553cebf23621c2070b85b19c5cb6c1fc650d0e59ef236ce6923f0510118de138,pdfs/pais-vasco/tecnicas-de-expresion-grafico-plastica/2026-extraordinaria-solucion-ehu-d84a81a0f038.pdf,4,,gpt-6-luna,s1,completed,True,,True,False,0,0,0,0,0,0,1,False
gpt-6-luna__p5,soluciones/gpt-6-luna__s1/oficial,0743849de2d6,pipeline/salida/gpt-6-luna__p5/soluciones/gpt-6-luna__s1/oficial/0743849de2d6.json,1dafbdfc55d152e6e7d72ef46c9dd6ea121f6caef9270e6e3eb6716a53c843d4,pdfs/madrid/lengua-castellana-y-literatura-ii/2025-ordinaria-examen-uc3m-0743849de2d6.pdf,6,,gpt-6-luna,s1,completed,True,,True,True,0,6,0,1,0,0,1,False
gpt-6-luna__p5,soluciones/gpt-6-luna__s1/oficial,0a50595f8036,pipeline/salida/gpt-6-luna__p5/soluciones/gpt-6-luna__s1/oficial/0a50595f8036.json,0ddaf6b5efb1ed9a0b4de56de7e6690b1fffaa8d5f51a4f240a89dabcfe15338,pdfs/madrid/dibujo-artistico-ii/2026-ordinaria-examen-uc3m-0a50595f8036.pdf,3,,gpt-6-luna,s1,completed,True,,True,False,0,0,0,0,0,0,1,False
gpt-6-luna__p5,soluciones/gpt-6-luna__s1/oficial,0b7e227a5499,pipeline/salida/gpt-6-luna__p5/soluciones/gpt-6-luna__s1/oficial/0b7e227a5499.json,43968ea2c0491904ebc92a830a419778db23afd45d0db547a49b5f58d9914a78,pdfs/madrid/matematicas-ii/2026-modelo-modelo-uc3m-0b7e227a5499.pdf,7,,gpt-6-luna,s1,completed,True,,True,True,0,13,0,0,0,0,0,False
gpt-6-luna__p5,soluciones/gpt-6-luna__s1/oficial,0bed555f767c,pipeline/salida/gpt-6-luna__p5/soluciones/gpt-6-luna__s1/oficial/0bed555f767c.json,157e5e629c5ef67cf163112b80274842c5351366fc0abdff71f6c71e8b76545d,pdfs/madrid/italiano/2018-extraordinaria-examen-uc3m-0bed555f767c.pdf,3,,gpt-6-luna,s1,completed,True,,True,False,0,0,0,0,0,0,1,False
gpt-6-luna__p5,soluciones/gpt-6-luna__s1/oficial,0d5e5806192a,pipeline/salida/gpt-6-luna__p5/soluciones/gpt-6-luna__s1/oficial/0d5e5806192a.json,867262db6176c47ce2d0f8169b8d7af10c3a57c91b66e1f8ffdb288552887cf5,pdfs/madrid/lengua-castellana-y-literatura-ii/2019-extraordinaria-examen-uc3m-0d5e5806192a.pdf,4,,gpt-6-luna,s1,completed,True,,True,False,0,0,0,0,0,0,1,False
gpt-6-luna__p5,soluciones/gpt-6-luna__s1/oficial,0fedaac3fe5f,pipeline/salida/gpt-6-luna__p5/soluciones/gpt-6-luna__s1/oficial/0fedaac3fe5f.json,4ae042adeab8b72a891e26b83e24f3388a00eafe0a7aa810cb051cd3b0059bf8,pdfs/comunidad-valenciana/lengua-castellana-y-literatura-ii/2011-extraordinaria-criterios-llibreta-d1dfca4e69b9.pdf,2,,gpt-6-luna,s1,completed,True,,True,False,0,0,0,0,0,0,1,False
gpt-6-luna__p5,soluciones/gpt-6-luna__s1/oficial,114bff1bacb1,pipeline/salida/gpt-6-luna__p5/soluciones/gpt-6-luna__s1/oficial/114bff1bacb1.json,0a5fbe4fadcbeb58271b1ae31135ff3dea872e05e1d464836c188f1303e2cbba,pdfs/madrid/lengua-castellana-y-literatura-ii/2023-ordinaria-examen-coincidencias-uc3m-114bff1bacb1.pdf,6,,gpt-6-luna,s1,completed,True,,True,True,0,8,0,2,0,0,1,False
gpt-6-luna__p5,soluciones/gpt-6-luna__s1/oficial,13244a0fa596,pipeline/salida/gpt-6-luna__p5/soluciones/gpt-6-luna__s1/oficial/13244a0fa596.json,2e909129c99c7d3804fb0ee567457bd3f4e1c009814b5033da6ee47de56da3d2,pdfs/madrid/historia-de-espana/2021-extraordinaria-examen-coincidencias-uc3m-13244a0fa596.pdf,8,,gpt-6-luna,s1,completed,True,,True,False,0,0,0,0,0,0,1,False
gpt-6-luna__p5,soluciones/gpt-6-luna__s1/oficial,172579fa76d4,pipeline/salida/gpt-6-luna__p5/soluciones/gpt-6-luna__s1/oficial/172579fa76d4.json,0bee76b0757f2499e817b3693caed7514c4150b854c8f796bf1af43c59e4570f,pdfs/pais-vasco/historia-de-la-filosofia/2021-extraordinaria-examen-ehu-172579fa76d4.pdf,7,,gpt-6-luna,s1,completed,True,,True,False,0,0,0,0,0,0,1,False
gpt-6-luna__p5,soluciones/gpt-6-luna__s1/oficial,17445f0ab770,pipeline/salida/gpt-6-luna__p5/soluciones/gpt-6-luna__s1/oficial/17445f0ab770.json,b03a286dab5a41dd1c8f0b318d594f61aa90fd196c34703af2442b65a80bbf9a,pdfs/comunidad-valenciana/quimica/2023-ordinaria-criterios-llibreta-93c019930f9d.pdf,1,,gpt-6-luna,s1,completed,True,,True,False,0,0,0,0,0,0,1,False
gpt-6-luna__p5,soluciones/gpt-6-luna__s1/oficial,184bfaad518f,pipeline/salida/gpt-6-luna__p5/soluciones/gpt-6-luna__s1/oficial/184bfaad518f.json,5e87ca401f331a03c79e0cde691f8d4923439d8fc2927970e8c8324442178662,pdfs/madrid/matematicas-ii/2019-modelo-modelo-uc3m-184bfaad518f.pdf,8,,gpt-6-luna,s1,completed,True,,True,True,0,9,0,1,0,0,1,False
gpt-6-luna__p5,soluciones/gpt-6-luna__s1/oficial,1bc800a06e3b,pipeline/salida/gpt-6-luna__p5/soluciones/gpt-6-luna__s1/oficial/1bc800a06e3b.json,a623a7e099d0eb690b779c7d85f964b2a867d6b091837cb8be2ae24c3f3f4ec0,pdfs/madrid/matematicas-ii/2021-ordinaria-examen-uc3m-1bc800a06e3b.pdf,7,,gpt-6-luna,s1,completed,True,,True,True,0,20,0,0,0,0,0,False
gpt-6-luna__p5,soluciones/gpt-6-luna__s1/oficial,2787fc4d640f,pipeline/salida/gpt-6-luna__p5/soluciones/gpt-6-luna__s1/oficial/2787fc4d640f.json,5d877ebacf1fc287ee12f02bd63d48b1305699af7d4c851bc874764855c0430a,pdfs/madrid/quimica/2019-modelo-modelo-uc3m-2787fc4d640f.pdf,11,,gpt-6-luna,s1,completed,False,,True,True,0,34,0,3,0,0,0,False
gpt-6-luna__p5,soluciones/gpt-6-luna__s1/oficial,32384d10aa13,pipeline/salida/gpt-6-luna__p5/soluciones/gpt-6-luna__s1/oficial/32384d10aa13.json,98871f9d24e09ae42564f4f21670a0810103bfc217e88e99494a93fc65759f3d,pdfs/madrid/historia-de-espana/2018-modelo-modelo-uc3m-32384d10aa13.pdf,14,,gpt-6-luna,s1,completed,True,,True,True,0,16,0,1,0,0,1,False
gpt-6-luna__p5,soluciones/gpt-6-luna__s1/oficial,3c134e1125e6,pipeline/salida/gpt-6-luna__p5/soluciones/gpt-6-luna__s1/oficial/3c134e1125e6.json,8dae75e715b5f684c0524ce0f7c2b4c4c0604ce2e95b531d4f084a5ee9b0446d,pdfs/comunidad-valenciana/historia-de-espana/2026-ordinaria-criterios-llibreta-7c5377981b00.pdf,6,,gpt-6-luna,s1,completed,False,,True,True,0,9,0,2,0,0,0,False
gpt-6-luna__p5,soluciones/gpt-6-luna__s1/oficial,49e9ef3c3296,pipeline/salida/gpt-6-luna__p5/soluciones/gpt-6-luna__s1/oficial/49e9ef3c3296.json,2424e04126502b5c2dbf100e907f8157bc2f74e22f4eb8cf175861444fda6644,pdfs/pais-vasco/matematicas-ii/2026-extraordinaria-solucion-ehu-a77749e62a45.pdf,6,,gpt-6-luna,s1,completed,False,,True,True,0,14,0,0,0,0,0,False
