tipo,id,cantidad,nodo,eleccion,fase,entrada
instrucciones-generales-no-publicadas,012555da3d70,2,,,,
instrucciones-generales-no-publicadas,01808acbd270,5,,,,
regla-propia-pregunta-omitida,03364198c8fb,,n7,"{""minimo"": 2, ""maximo"": 2, ""de"": 3, ""agregacion"": ""suma"", ""literal"": [{""idioma"": ""fr"", ""markdown"": ""Vous devez répondre à DEUX de ces trois questions :""}]}",,
regla-propia-pregunta-omitida,03364198c8fb,,n11,"{""minimo"": 2, ""maximo"": 2, ""de"": 4, ""agregacion"": ""suma"", ""literal"": [{""idioma"": ""fr"", ""markdown"": ""indiquez les DEUX solutions correctes, d’après le texte""}]}",,
regla-propia-pregunta-omitida,03364198c8fb,,n17,"{""minimo"": 1, ""maximo"": 1, ""de"": 2, ""agregacion"": ""suma"", ""literal"": [{""idioma"": ""fr"", ""markdown"": ""Expliquez, en deux ou trois lignes et avec vos propres mots, le sens d’UNE des deux phrases suivantes :""}]}",,
regla-propia-pregunta-omitida,03364198c8fb,,n21,"{""minimo"": 2, ""maximo"": 2, ""de"": 3, ""agregacion"": ""suma"", ""literal"": [{""idioma"": ""fr"", ""markdown"": ""Répondez à DEUX de ces trois questions :""}]}",,
regla-propia-pregunta-omitida,03364198c8fb,,n31,"{""minimo"": 2, ""maximo"": 2, ""de"": 3, ""agregacion"": ""suma"", ""literal"": [{""idioma"": ""fr"", ""markdown"": ""Répondez à DEUX de ces trois questions :""}]}",,
regla-propia-pregunta-omitida,03364198c8fb,,n49,"{""minimo"": 1, ""maximo"": 1, ""de"": 2, ""agregacion"": ""suma"", ""literal"": [{""idioma"": ""fr"", ""markdown"": ""Répondez à l’UNE de ces deux questions : (entre $30$ et $50$ mots) :""}]}",,
instrucciones-generales-no-publicadas,03364198c8fb,3,,,,
entrada-en-nodo-no-publicado,03364198c8fb,,n1,,rubrica,"{""nodo"": ""n1"", ""puntos"": 2.5, ""criterios"": [{""idioma"": ""es"", ""markdown"": ""El bloque $1$ deberá calificarse de $0$ a $2{,}5$ puntos.""}, {""idioma"": ""es"", ""markdown"": ""Las preguntas de este bloque corresponden a la competencia específica $1$ de Francés para alumnos de Bachillerato (Decreto $64/2022$, de $20$ de julio, del Consejo de Gobierno, por el que se establecen para la Comunidad de Madrid la ordenación y el currículo del Bachillerato) tiene por objeto medir la capacidad de comprensión lectora del alumno. Si al reproducir las frases del texto el alumno comete errores, la calificación disminuirá proporcionalmente al número de faltas.""}], ""desglose"": [], ""respuesta"": [], ""paginas"": [{""idioma"": ""es"", ""pagina"": 6}]}"
entrada-en-nodo-no-publicado,03364198c8fb,,n16,,rubrica,"{""nodo"": ""n16"", ""puntos"": 1.5, ""criterios"": [{""idioma"": ""es"", ""markdown"": ""El bloque $2$ deberá calificarse de $0$ a $1{,}5$ puntos.""}, {""idioma"": ""es"", ""markdown"": ""La pregunta de este bloque corresponde igualmente a las competencias específicas $1$ y $2$ para alumnos de Francés de Bachillerato.""}], ""desglose"": [], ""respuesta"": [], ""paginas"": [{""idioma"": ""es"", ""pagina"": 6}]}"
entrada-en-nodo-no-publicado,03364198c8fb,,n20,,rubrica,"{""nodo"": ""n20"", ""puntos"": 3.0, ""criterios"": [{""idioma"": ""es"", ""markdown"": ""El bloque $3$ se calificará de $0$ a $3$ puntos.""}, {""idioma"": ""es"", ""markdown"": ""Las preguntas de este bloque corresponden a la competencia específica $5$ para alumnos de Francés de Bachillerato. El objetivo de las cuestiones planteadas es valorar el conocimiento del léxico y de la morfosintaxis del francés.""}], ""desglose"": [], ""respuesta"": [], ""paginas"": [{""idioma"": ""es"", ""pagina"": 6}]}"
entrada-en-nodo-no-publicado,03364198c8fb,,n47,,rubrica,"{""nodo"": ""n47"", ""puntos"": 3.0, ""criterios"": [{""idioma"": ""es"", ""markdown"": ""Los bloques $3$ y $4$ se calificarán de $0$ a $3$ puntos cada uno.""}, {""idioma"": ""es"", ""markdown"": ""Las preguntas de este bloque corresponden a las competencias específicas $2$, $4$ y $6$ para alumnos de Francés de Bachillerato. La competencia específica $2$ remite a la capacidad de producir textos originales, bien organizados que expresen ideas y argumentos de forma creativa, correcta y coherente. La competencia específica $4$ alude a la capacidad de ampliar y de usar los repertorios lingüísticos personales entre distintas lenguas, reflexionando sobre su funcionamiento con objeto de mejorar la respuesta a las necesidades comunicativas. En cuanto a la competencia específica $6$ se refiere a la capacidad del alumno para valorar críticamente y adecuarse a la diversidad lingüística y cultural.""}], ""desglose"": [{""descripcion"": [{""idioma"": ""es"", ""markdown"": ""Se adjudicarán hasta $2$ puntos en la primera pregunta.""}], ""puntos"": 2.0}, {""descripcion"": [{""idioma"": ""es"", ""markdown"": ""Se adjudicará hasta $1$ punto en la segunda.""}], ""puntos"": 1.0}], ""respuesta"": [], ""paginas"": [{""idioma"": ""es"", ""pagina"": 6}]}"
instrucciones-generales-no-publicadas,053608cf06ee,4,,,,
instrucciones-generales-no-publicadas,0698620afa36,2,,,,
instrucciones-generales-no-publicadas,070c3795d83c,2,,,,
instrucciones-generales-no-publicadas,0743849de2d6,8,,,,
instrucciones-generales-no-publicadas,08621369dc34,2,,,,
regla-propia-pregunta-omitida,09fa045004f2,,n4,"{""minimo"": 3, ""maximo"": 3, ""de"": 4, ""agregacion"": ""suma"", ""literal"": [{""idioma"": ""es"", ""markdown"": ""Responda tres de estos cuatro apartados:""}]}",,
regla-propia-pregunta-omitida,09fa045004f2,,n9,"{""minimo"": 1, ""maximo"": 1, ""de"": 2, ""agregacion"": ""suma"", ""literal"": [{""idioma"": ""es"", ""markdown"": ""Responda uno de estos dos apartados:""}]}",,
regla-propia-pregunta-omitida,09fa045004f2,,n12,"{""minimo"": 1, ""maximo"": 1, ""de"": 2, ""agregacion"": ""suma"", ""literal"": [{""idioma"": ""es"", ""markdown"": ""Responda uno de estos dos apartados:""}]}",,
instrucciones-generales-no-publicadas,09fa045004f2,1,,,,
regla-propia-pregunta-omitida,09feb8541d90,,n7,"{""minimo"": 2, ""maximo"": 2, ""de"": 4, ""agregacion"": ""suma"", ""literal"": [{""idioma"": ""va"", ""markdown"": ""Definiu DOS dels conceptes següents""}, {""idioma"": ""es"", ""markdown"": ""Defina DOS de los conceptos siguientes""}]}",,
regla-propia-pregunta-omitida,0a50595f8036,,n1,"{""minimo"": 1, ""maximo"": 1, ""de"": 2, ""agregacion"": ""suma"", ""literal"": [{""idioma"": ""es"", ""markdown"": ""responda una de las dos opciones del EJERCICIO 1 de $3$ puntos, a elegir indistintamente entre la A o la B.""}]}",,
regla-propia-pregunta-omitida,0a50595f8036,,n4,"{""minimo"": 1, ""maximo"": 1, ""de"": 2, ""agregacion"": ""suma"", ""literal"": [{""idioma"": ""es"", ""markdown"": ""responda una de las opciones del EJERCICIO 2 de $7$ puntos, a elegir indistintamente entre la A o B.""}]}",,
instrucciones-generales-no-publicadas,0a50595f8036,1,,,,
instrucciones-generales-no-publicadas,0ac57a998ad1,2,,,,
instrucciones-generales-no-publicadas,0b7e227a5499,1,,,,
instrucciones-generales-no-publicadas,0bed555f767c,3,,,,
instrucciones-generales-no-publicadas,0d5e5806192a,3,,,,
instrucciones-generales-no-publicadas,0fedaac3fe5f,1,,,,
instrucciones-generales-no-publicadas,114bff1bacb1,2,,,,
instrucciones-generales-no-publicadas,12d25f00833d,2,,,,
instrucciones-generales-no-publicadas,13244a0fa596,1,,,,
regla-propia-pregunta-omitida,16d0161b5c29,,n7,"{""minimo"": 2, ""maximo"": 2, ""de"": 4, ""agregacion"": ""suma"", ""literal"": [{""idioma"": ""va"", ""markdown"": ""Definiu DOS dels conceptes següents (fins a 2 punts)""}, {""idioma"": ""es"", ""markdown"": ""Defina DOS de los conceptos siguientes (Hasta 2 puntos)""}]}",,
instrucciones-generales-no-publicadas,172579fa76d4,1,,,,
instrucciones-generales-no-publicadas,17445f0ab770,1,,,,
instrucciones-generales-no-publicadas,184bfaad518f,1,,,,
regla-propia-pregunta-omitida,19e1e026fa90,,n6,"{""minimo"": 1, ""maximo"": 1, ""de"": 2, ""agregacion"": ""suma"", ""literal"": [{""idioma"": ""va"", ""markdown"": ""Respon a l’apartat 2.1 o a l’apartat 2.2""}, {""idioma"": ""es"", ""markdown"": ""Responda al apartado 2.1 o al apartado 2.2""}]}",,
regla-propia-pregunta-omitida,19e1e026fa90,,n14,"{""minimo"": 1, ""maximo"": 1, ""de"": 2, ""agregacion"": ""suma"", ""literal"": [{""idioma"": ""va"", ""markdown"": ""Respon a l’apartat 3.1 o a l’apartat 3.2""}, {""idioma"": ""es"", ""markdown"": ""Responda al apartado 3.1 o al apartado 3.2""}]}",,
regla-propia-pregunta-omitida,19e1e026fa90,,n23,"{""minimo"": 1, ""maximo"": 1, ""de"": 2, ""agregacion"": ""suma"", ""literal"": [{""idioma"": ""va"", ""markdown"": ""Respon a l’apartat 4.1 o a l’apartat 4.2""}, {""idioma"": ""es"", ""markdown"": ""Responda al apartado 4.1 o al apartado 4.2""}]}",,
instrucciones-generales-no-publicadas,19e1e026fa90,2,,,,
instrucciones-generales-no-publicadas,1a86b8a6273d,1,,,,
regla-propia-pregunta-omitida,1b0c55921d01,,n7,"{""minimo"": 2, ""maximo"": 2, ""de"": 4, ""agregacion"": ""suma"", ""literal"": [{""idioma"": ""va"", ""markdown"": ""Definiu DOS dels conceptes següents (Fins a 2 punts)""}, {""idioma"": ""es"", ""markdown"": ""Defina DOS de los conceptos siguientes (Hasta 2 puntos)""}]}",,
instrucciones-generales-no-publicadas,1bc800a06e3b,1,,,,
instrucciones-generales-no-publicadas,1d26a968086e,1,,,,
instrucciones-generales-no-publicadas,1f06fc98f001,3,,,,
instrucciones-generales-no-publicadas,208b83b7e460,1,,,,
instrucciones-generales-no-publicadas,20f477248bf5,1,,,,
instrucciones-generales-no-publicadas,215c4577b13a,5,,,,
instrucciones-generales-no-publicadas,224e5e634fab,3,,,,
instrucciones-generales-no-publicadas,2290f27c0d9c,5,,,,
instrucciones-generales-no-publicadas,2422938d704e,2,,,,
instrucciones-generales-no-publicadas,244a2772cd9c,1,,,,
instrucciones-generales-no-publicadas,25fcf7208b8f,3,,,,
instrucciones-generales-no-publicadas,26b80e1966f5,1,,,,
instrucciones-generales-no-publicadas,2787fc4d640f,3,,,,
instrucciones-generales-no-publicadas,28f5e820a133,5,,,,
instrucciones-generales-no-publicadas,297407c89a0a,4,,,,
instrucciones-generales-no-publicadas,2b2153c3b2ce,1,,,,
instrucciones-generales-no-publicadas,2d573323997e,3,,,,
instrucciones-generales-no-publicadas,2d925fa916b9,3,,,,
instrucciones-generales-no-publicadas,2e1486f4d824,2,,,,
instrucciones-generales-no-publicadas,2f32a4ccbaab,5,,,,
instrucciones-generales-no-publicadas,2f3ff3e8cb8c,5,,,,
instrucciones-generales-no-publicadas,3068d1110070,5,,,,
instrucciones-generales-no-publicadas,317634da39e8,4,,,,
instrucciones-generales-no-publicadas,32384d10aa13,1,,,,
entrada-en-nodo-no-publicado,334e3227bf82,,n8,,solucion-academia,"{""nodo"": ""n8"", ""respuesta"": [{""idioma"": ""es"", ""markdown"": ""La soberanía es el principio según el cual reside el poder supremo en un Estado. En el absolutismo, la soberanía estaba en el monarca, como reflejó Fernando VII al restaurar su autoridad en $1814$ tras anular la Constitución de Cádiz. En el liberalismo, la soberanía reside en la nación, representada por instituciones como las Cortes. Este cambio quedó plasmado en la Constitución de $1812$, que introdujo la soberanía nacional en España, reconociendo que el poder emana de los ciudadanos. Con la llegada de la Segunda República en $1931$, el concepto evolucionó hacia la soberanía popular, estableciendo el sufragio universal, incluyendo a las mujeres. La soberanía, por tanto, refleja los modelos políticos de cada época y las luchas por el poder entre monarquía, pueblo e instituciones.""}], ""paginas"": [{""idioma"": ""es"", ""pagina"": 5}]}"
entrada-en-nodo-no-publicado,334e3227bf82,,n9,,solucion-academia,"{""nodo"": ""n9"", ""respuesta"": [{""idioma"": ""es"", ""markdown"": ""El absolutismo es un sistema político donde el poder se concentra en el monarca, que gobierna sin limitaciones legales ni constitucionales. En España, Fernando VII restauró este modelo en $1814$, anulando las reformas liberales de las Cortes de Cádiz. Durante este periodo, conocido como el Sexenio Absolutista ($1814$-$1820$), se persiguió a los liberales y se reinstauró un gobierno autoritario. Este sistema se justificaba con la teoría del derecho divino, según la cual el rey gobernaba por mandato de Dios. Sin embargo, el absolutismo enfrentó crecientes desafíos durante el siglo $XIX$ con el avance de las ideas liberales, que culminaron en conflictos como las guerras carlistas, donde los defensores del absolutismo se enfrentaron a los partidarios de un modelo constitucional.""}], ""paginas"": [{""idioma"": ""es"", ""pagina"": 5}]}"
entrada-en-nodo-no-publicado,334e3227bf82,,n10,,solucion-academia,"{""nodo"": ""n10"", ""respuesta"": [{""idioma"": ""es"", ""markdown"": ""La huelga revolucionaria es una herramienta de lucha utilizada por los trabajadores para obtener cambios políticos y sociales, más allá de simples mejoras laborales. Un ejemplo destacado es la huelga general de $1917$, convocada por UGT y CNT en España. Esta huelga surgió en respuesta a la crisis económica provocada por la Primera Guerra Mundial, que generó inflación, hambre y desempleo. Fue un intento de desafiar al sistema político de la Restauración, evidenciando el malestar social y la creciente influencia del movimiento obrero. Aunque el gobierno reprimió la huelga violentamente, su impacto marcó un antes y un después en las movilizaciones obreras y en la articulación de demandas sociales en el contexto de las crisis del siglo $XX$.""}], ""paginas"": [{""idioma"": ""es"", ""pagina"": 5}]}"
entrada-en-nodo-no-publicado,334e3227bf82,,n11,,solucion-academia,"{""nodo"": ""n11"", ""respuesta"": [{""idioma"": ""es"", ""markdown"": ""Un golpe de Estado es una toma ilegal y generalmente violenta del poder político, organizada por una minoría como militares o políticos. En España, el golpe de Estado de Francisco Franco en $1936$ es uno de los más relevantes, ya que desencadenó la Guerra Civil ($1936$-$1939$). Aunque no tuvo éxito inmediato en todo el país, fracturó España en dos bandos: republicanos y sublevados. Otro caso importante fue el golpe de Primo de Rivera en $1923$, que, respaldado por el rey Alfonso XIII, instauró una dictadura militar para \""regenerar\"" el país. Los golpes de Estado suelen justificarse por crisis políticas o sociales, como ocurrió en ambos casos, pero terminan imponiendo regímenes autoritarios que afectan profundamente la vida política y social del país.""}], ""paginas"": [{""idioma"": ""es"", ""pagina"": 6}]}"
instrucciones-generales-no-publicadas,36ac1674aa0b,1,,,,
instrucciones-generales-no-publicadas,37d3ea174a4a,1,,,,
instrucciones-generales-no-publicadas,387b76d59962,1,,,,
regla-propia-pregunta-omitida,3999e499d821,,n2,"{""minimo"": 2, ""maximo"": 2, ""de"": 4, ""agregacion"": ""suma"", ""literal"": [{""idioma"": ""va"", ""markdown"": ""Definiu DOS dels conceptes següents (fins a 2 punts)""}, {""idioma"": ""es"", ""markdown"": ""Defina DOS de los conceptos siguientes (hasta 2 puntos)""}]}",,
regla-propia-pregunta-omitida,3999e499d821,,n11,"{""minimo"": 1, ""maximo"": 1, ""de"": 2, ""agregacion"": ""suma"", ""literal"": [{""idioma"": ""va"", ""markdown"": ""Responeu UNA de les dues opcions (fins a 3 punts)""}, {""idioma"": ""es"", ""markdown"": ""Responda a UNA de las dos opciones (hasta 3 puntos)""}]}",,
instrucciones-generales-no-publicadas,3ad09f75385c,12,,,,
regla-propia-pregunta-omitida,3c134e1125e6,,n2,"{""minimo"": 2, ""maximo"": 2, ""de"": 4, ""agregacion"": ""suma"", ""literal"": [{""idioma"": ""va"", ""markdown"": ""Definiu DOS dels conceptes següents.""}, {""idioma"": ""es"", ""markdown"": ""Defina DOS de los conceptos siguientes.""}]}",,
regla-propia-pregunta-omitida,3c134e1125e6,,n11,"{""minimo"": 1, ""maximo"": 1, ""de"": 2, ""agregacion"": ""suma"", ""literal"": [{""idioma"": ""va"", ""markdown"": ""Respongueu UNA de les dues opcions.""}, {""idioma"": ""es"", ""markdown"": ""Responda a UNA de las dos opciones.""}]}",,
instrucciones-generales-no-publicadas,3c134e1125e6,2,,,,
instrucciones-generales-no-publicadas,3e33052fedf6,4,,,,
regla-propia-pregunta-omitida,3e560f6e17a7,,n16,"{""minimo"": 1, ""maximo"": 1, ""de"": 2, ""agregacion"": ""suma"", ""literal"": [{""idioma"": ""pt"", ""markdown"": ""sob um destes dois temas""}]}",,
regla-propia-pregunta-omitida,3e560f6e17a7,,n32,"{""minimo"": 1, ""maximo"": 1, ""de"": 2, ""agregacion"": ""suma"", ""literal"": [{""idioma"": ""pt"", ""markdown"": ""sob um destes dois temas""}]}",,
instrucciones-generales-no-publicadas,3e560f6e17a7,2,,,,
instrucciones-generales-no-publicadas,4043dfadf4dd,1,,,,
regla-propia-pregunta-omitida,41369b24aea3,,n3,"{""minimo"": 2, ""maximo"": 2, ""de"": 4, ""agregacion"": ""suma"", ""literal"": [{""idioma"": ""es"", ""markdown"": ""Defina DOS de los conceptos siguientes (hasta 2 puntos)""}, {""idioma"": ""va"", ""markdown"": ""Definiu DOS dels conceptes següents (fins a 2 punts)""}]}",,
entrada-en-nodo-no-publicado,41fdc1fe038d,,n7,,rubrica,"{""nodo"": ""n7"", ""puntos"": 2.5, ""criterios"": [{""idioma"": ""va"", ""markdown"": ""D’una banda, obtindran $2{,}5$ punts tots els i les alumnes que desenvolupen un aspecte del nucli temàtic amb la utilització de les fonts com a punt de partida.""}, {""idioma"": ""es"", ""markdown"": ""Por un lado, obtendrán $2{,}5$ puntos todos los alumnos y alumnas que desarrollen un aspecto del núcleo temático utilizando las fuentes como punto de partida.""}], ""desglose"": [], ""respuesta"": [{""idioma"": ""va"", ""markdown"": ""En aquest cas, que expliquen l’alçament dels grups favorables a l’absolutisme el $1833$ entorn de la figura de Carles Maria Isidre, germà de Ferran VII. Es tracta de mostrar aquest enfrontament entre el carlisme, tradicionalista i antiliberal, i el liberalisme moderat entorn de la regència de Maria Cristina. A més de la cronologia i el desenvolupament de la guerra, finalitzada amb el conveni de Bergara, s’ha de valorar si l’estudiantat coneix algunes de les seues conseqüències: com ara els pactes de la regent amb el liberalisme moderat per ampliar la base social i popular de la monarquia, com a millor mode d’afrontar el conflicte i defensar la causa isabelina.""}, {""idioma"": ""es"", ""markdown"": ""En este caso, que expliquen el alzamiento de los grupos favorables al absolutismo en $1833$ en torno a la figura de Carlos María Isidro, hermano de Fernando VII. Se trata de mostrar ese enfrentamiento entre el carlismo, tradicionalista y antiliberal, y el liberalismo moderado en torno a la Regencia de María Cristina. Además de la cronología y el desarrollo de la guerra, finalizada con el convenio de Bergara, se valorará si el estudiante conoce algunas de sus consecuencias: como los pactos de la regente con el liberalismo moderado para ampliar la base social y popular de la monarquía, como mejor modo de afrontar el conflicto y defender la causa isabelina.""}], ""paginas"": [{""idioma"": ""va"", ""pagina"": 1}, {""idioma"": ""es"", ""pagina"": 3}]}"
entrada-en-nodo-no-publicado,41fdc1fe038d,,n8,,rubrica,"{""nodo"": ""n8"", ""puntos"": 2.0, ""criterios"": [{""idioma"": ""va"", ""markdown"": ""D’altra banda, obtindrà $2$ punts l’alumnat que puga indicar principalment les altres guerres civils, no sols les carlines, sinó la que s’inicia el $1936$. Per a això s’ha de valorar també el coneixement del paper de l’exèrcit al llarg dels segles $XIX$ i $XX$.\n\nEn aquesta última pregunta la resposta és molt oberta i permet diversos raonaments correctes. Amb això s’ha de valorar si l’alumnat sap refondre dades i idees procedents del procés d’aprenentatge de la matèria i els que procedeixen de l’anàlisi de les fonts facilitades.""}, {""idioma"": ""es"", ""markdown"": ""Por otro lado, obtendrán $2$ puntos quienes puedan indicar principalmente las otras guerras civiles, no solo las carlistas, sino la que se inicia en $1936$. Para ello se valora asimismo el conocimiento del papel del ejército a lo largo de los siglos $XIX$ y $XX$.\n\nEn esta última pregunta la respuesta es muy abierta y permite diversos razonamientos correctos. Con ello se valorará si el alumnado sabe refundir datos e ideas procedentes del proceso de aprendizaje de la materia y los que proceden del análisis de las fuentes facilitadas.""}], ""desglose"": [], ""respuesta"": [], ""paginas"": [{""idioma"": ""va"", ""pagina"": 1}, {""idioma"": ""es"", ""pagina"": 3}]}"
instrucciones-generales-no-publicadas,423dd33e007e,3,,,,
instrucciones-generales-no-publicadas,42576f6f84fc,1,,,,
entrada-en-nodo-no-publicado,42576f6f84fc,,n1,,rubrica,"{""nodo"": ""n1"", ""puntos"": 4.0, ""criterios"": [{""idioma"": ""es"", ""markdown"": ""Hay un primer bloque de Comunicación escrita, con una puntuación máxima de $4$ puntos. Este bloque es obligatorio. En este bloque se incluyen tres preguntas referidas a un texto.""}], ""desglose"": [], ""respuesta"": [], ""paginas"": [{""idioma"": ""es"", ""pagina"": 1}]}"
entrada-en-nodo-no-publicado,42576f6f84fc,,n6,,rubrica,"{""nodo"": ""n6"", ""puntos"": 6.0, ""criterios"": [{""idioma"": ""es"", ""markdown"": ""El alumno deberá elegir cinco ($5$) de las diez ($10$) preguntas que se proponen y responder a las cuestiones que dentro de cada una de ellas se plantean.\n\nDe las $10$ preguntas propuestas, $6$ serán de Conocimiento de la lengua (sintaxis, morfología, modalización y léxico y semántica.) y $4$ de Educación literaria, a partir de dos textos seleccionados. El alumno podrá elegir libremente las cinco preguntas que prefiera, con independencia de la materia a la que estas pertenezcan.""}], ""desglose"": [], ""respuesta"": [], ""paginas"": [{""idioma"": ""es"", ""pagina"": 2}]}"
instrucciones-generales-no-publicadas,43cb911fd6fb,2,,,,
instrucciones-generales-no-publicadas,43d8d44c5114,1,,,,
instrucciones-generales-no-publicadas,45c44a65437e,1,,,,
instrucciones-generales-no-publicadas,46a7525321b4,1,,,,
instrucciones-generales-no-publicadas,47ffbcd1fca6,1,,,,
instrucciones-generales-no-publicadas,49e9ef3c3296,5,,,,
instrucciones-generales-no-publicadas,4a7c96ae2912,1,,,,
instrucciones-generales-no-publicadas,4a9b9f03ca14,1,,,,
regla-propia-pregunta-omitida,4afa0f0f8a54,,n2,"{""minimo"": 6, ""maximo"": 6, ""de"": 8, ""agregacion"": ""suma"", ""literal"": [{""idioma"": ""es"", ""markdown"": ""conteste a SEIS de las siguientes ocho preguntas en su hoja de respuestas:""}]}",,
instrucciones-generales-no-publicadas,4afa0f0f8a54,1,,,,
entrada-en-nodo-no-publicado,4afa0f0f8a54,,n1,,rubrica,"{""nodo"": ""n1"", ""puntos"": 3.0, ""criterios"": [{""idioma"": ""es"", ""markdown"": ""En la primera parte, cada una de las preguntas respondidas correctamente se calificará con $0{,}5$ puntos. La extensión de las respuestas estará entre un mínimo de dos líneas y un máximo de diez. Queda a criterio del evaluador/a considerar si puede calificar la respuesta con una puntuación menor ($0{,}25$). Se valorará la claridad en la respuesta y el uso correcto de los términos musicales. Pueden realizarse anotaciones en la partitura, si bien estas no serán consideradas como respuestas.""}], ""desglose"": [], ""respuesta"": [], ""paginas"": [{""idioma"": ""es"", ""pagina"": 4}]}"
entrada-en-nodo-no-publicado,4afa0f0f8a54,,n11,,rubrica,"{""nodo"": ""n11"", ""puntos"": 3.0, ""criterios"": [{""idioma"": ""es"", ""markdown"": ""En la segunda parte, en cada una de las preguntas se obtendrá $1$ punto si todas las opciones son correctas y $0{,}5$ si son dos las opciones correctas. Una sola opción correcta no puntuará.""}], ""desglose"": [], ""respuesta"": [], ""paginas"": [{""idioma"": ""es"", ""pagina"": 4}]}"
entrada-en-nodo-no-publicado,4afa0f0f8a54,,n16,,rubrica,"{""nodo"": ""n16"", ""puntos"": 3.0, ""criterios"": [{""idioma"": ""es"", ""markdown"": ""En la tercera parte, el estudiante responderá a cuatro de los seis términos y definiciones propuestos, en un mínimo de dos líneas y un máximo de diez. Cada respuesta correcta se calificará con $0{,}75$ puntos. Queda a criterio del evaluador/a considerar si puede calificar la respuesta con una puntuación menor, de $0{,}5$ o $0{,}25$. Se valorará la claridad y la corrección en el uso del lenguaje musical, así como la incorporación de ejemplos que puedan contribuir a la explicación ajustada de los términos.""}], ""desglose"": [], ""respuesta"": [], ""paginas"": [{""idioma"": ""es"", ""pagina"": 4}]}"
entrada-en-nodo-no-publicado,4afa0f0f8a54,,n23,,rubrica,"{""nodo"": ""n23"", ""puntos"": 1.0, ""criterios"": [{""idioma"": ""es"", ""markdown"": ""En la cuarta parte, cada una de las preguntas respondidas correctamente se calificará con $0{,}25$ puntos.""}], ""desglose"": [], ""respuesta"": [], ""paginas"": [{""idioma"": ""es"", ""pagina"": 4}]}"
instrucciones-generales-no-publicadas,4dcc02e32509,2,,,,
instrucciones-generales-no-publicadas,4e4bbca013d1,2,,,,
instrucciones-generales-no-publicadas,503de18296eb,2,,,,
instrucciones-generales-no-publicadas,52d217fa097d,1,,,,
instrucciones-generales-no-publicadas,53bf68f29024,1,,,,
entrada-en-nodo-no-publicado,53bf68f29024,,n1,,rubrica,"{""nodo"": ""n1"", ""puntos"": 4.0, ""criterios"": [{""idioma"": ""es"", ""markdown"": ""Hay un primer bloque de Comunicación escrita, con una puntuación máxima de $4$ puntos. Este bloque es obligatorio. En este bloque se incluyen tres preguntas relacionadas con un mismo texto.""}], ""desglose"": [], ""respuesta"": [], ""paginas"": [{""idioma"": ""es"", ""pagina"": 1}]}"
instrucciones-generales-no-publicadas,54df7fdb158b,1,,,,
instrucciones-generales-no-publicadas,56bd7dc00fe3,2,,,,
regla-propia-pregunta-omitida,56d8a75a668c,,n7,"{""minimo"": 2, ""maximo"": 2, ""de"": 4, ""agregacion"": ""suma"", ""literal"": [{""idioma"": ""va"", ""markdown"": ""Definiu DOS dels conceptes següents""}, {""idioma"": ""es"", ""markdown"": ""Defina DOS de los conceptos siguientes""}]}",,
instrucciones-generales-no-publicadas,570fa053e73a,1,,,,
instrucciones-generales-no-publicadas,57c556902e6d,2,,,,
instrucciones-generales-no-publicadas,57fdd40780e1,6,,,,
instrucciones-generales-no-publicadas,5a168e605053,5,,,,
instrucciones-generales-no-publicadas,5ac286f9ac79,1,,,,
instrucciones-generales-no-publicadas,5bf79e24ec75,3,,,,
instrucciones-generales-no-publicadas,5e8b4ad65b41,5,,,,
instrucciones-generales-no-publicadas,619d7c4c0d6d,2,,,,
regla-propia-pregunta-omitida,61e34b1b42fa,,n5,"{""minimo"": 1, ""maximo"": 1, ""de"": 2, ""agregacion"": ""suma"", ""literal"": [{""idioma"": ""es"", ""markdown"": ""Responda uno de estos dos apartados:""}]}",,
regla-propia-pregunta-omitida,61e34b1b42fa,,n8,"{""minimo"": 1, ""maximo"": 1, ""de"": 2, ""agregacion"": ""suma"", ""literal"": [{""idioma"": ""es"", ""markdown"": ""Responda uno de estos dos apartados:""}]}",,
regla-propia-pregunta-omitida,61e34b1b42fa,,n11,"{""minimo"": 1, ""maximo"": 1, ""de"": 2, ""agregacion"": ""suma"", ""literal"": [{""idioma"": ""es"", ""markdown"": ""Responda uno de estos dos apartados:""}]}",,
instrucciones-generales-no-publicadas,61e34b1b42fa,1,,,,
instrucciones-generales-no-publicadas,6286420bd955,1,,,,
instrucciones-generales-no-publicadas,62b3755b8573,3,,,,
instrucciones-generales-no-publicadas,6426459db740,1,,,,
instrucciones-generales-no-publicadas,6446ce8ed0cf,1,,,,
entrada-en-nodo-no-publicado,6446ce8ed0cf,,n5,,rubrica,"{""nodo"": ""n5"", ""puntos"": 6.0, ""criterios"": [{""idioma"": ""es"", ""markdown"": ""Cuestiones: $6$ puntos""}], ""desglose"": [], ""respuesta"": [], ""paginas"": [{""idioma"": ""es"", ""pagina"": 1}]}"
entrada-en-nodo-no-publicado,6446ce8ed0cf,,n13,,rubrica,"{""nodo"": ""n13"", ""puntos"": 6.0, ""criterios"": [{""idioma"": ""es"", ""markdown"": ""Cuestiones: $6$ puntos""}], ""desglose"": [], ""respuesta"": [], ""paginas"": [{""idioma"": ""es"", ""pagina"": 1}]}"
instrucciones-generales-no-publicadas,64e2509df555,2,,,,
instrucciones-generales-no-publicadas,659fff1375be,1,,,,
instrucciones-generales-no-publicadas,67eea232db63,1,,,,
instrucciones-generales-no-publicadas,68febd0b4352,2,,,,
entrada-en-nodo-no-publicado,68febd0b4352,,n11,,rubrica,"{""nodo"": ""n11"", ""puntos"": 1.0, ""criterios"": [{""idioma"": ""eu"", ""markdown"": ""Gehienez, puntu bat.\n\nHauek balioetsiko dira: kultismoen eta ondare-hitzen artean bereiztea (gaztelaniaren kasuan) eta hitz bakoitzari dagozkion lege fonetikoen azalpena (bi kasuetan).""}, {""idioma"": ""es"", ""markdown"": ""Hasta $1$ punto.\n\nSe valorará la diferenciación entre cultismos y términos patrimoniales (en el caso del castellano) y la explicación de las leyes fonéticas que hayan intervenido en cada palabra (en ambos casos).""}], ""desglose"": [], ""respuesta"": [], ""paginas"": [{""idioma"": ""eu"", ""pagina"": 7}, {""idioma"": ""es"", ""pagina"": 8}]}"
entrada-en-nodo-no-publicado,68febd0b4352,,n16,,rubrica,"{""nodo"": ""n16"", ""puntos"": 1.0, ""criterios"": [{""idioma"": ""eu"", ""markdown"": ""Gehienez, puntu bat.\n\nGalderan aipatzen den literatura-generoa definitu behar du ikasleak, eta genero horren barruan sartzen diren egileei buruz dakiena azaldu (batez ere, literatura-genero horri dagozkion obrei buruz jardunez).""}, {""idioma"": ""es"", ""markdown"": ""Hasta $1$ punto.\n\nSe deberá definir el género literario objeto de la pregunta y exponer algunos datos sobre el autor o autores en cuestión, tratando especialmente sobre las obras de los mismos que pertenezcan a aquel género literario.""}], ""desglose"": [], ""respuesta"": [], ""paginas"": [{""idioma"": ""eu"", ""pagina"": 7}, {""idioma"": ""es"", ""pagina"": 8}]}"
instrucciones-generales-no-publicadas,6a2a804ce68f,2,,,,
instrucciones-generales-no-publicadas,6bfd1db9d487,1,,,,
instrucciones-generales-no-publicadas,6e24013db05c,1,,,,
instrucciones-generales-no-publicadas,7159ec231c04,1,,,,
instrucciones-generales-no-publicadas,7241ab1f5341,3,,,,
instrucciones-generales-no-publicadas,73126b12ba41,8,,,,
regla-propia-pregunta-omitida,73d799a38839,,n3,"{""minimo"": 1, ""maximo"": 1, ""de"": 4, ""agregacion"": ""suma"", ""literal"": [{""idioma"": ""eu"", ""markdown"": ""Aukeratu erantzun egokiena.""}]}",,
regla-propia-pregunta-omitida,73d799a38839,,n8,"{""minimo"": 1, ""maximo"": 1, ""de"": 4, ""agregacion"": ""suma"", ""literal"": [{""idioma"": ""eu"", ""markdown"": ""Aukeratu erantzun egokiena.""}]}",,
regla-propia-pregunta-omitida,73d799a38839,,n13,"{""minimo"": 1, ""maximo"": 1, ""de"": 4, ""agregacion"": ""suma"", ""literal"": [{""idioma"": ""eu"", ""markdown"": ""Aukeratu erantzun egokiena.""}]}",,
regla-propia-pregunta-omitida,73d799a38839,,n18,"{""minimo"": 1, ""maximo"": 1, ""de"": 4, ""agregacion"": ""suma"", ""literal"": [{""idioma"": ""eu"", ""markdown"": ""Aukeratu erantzun egokiena.""}]}",,
regla-propia-pregunta-omitida,73d799a38839,,n23,"{""minimo"": 1, ""maximo"": 1, ""de"": 4, ""agregacion"": ""suma"", ""literal"": [{""idioma"": ""eu"", ""markdown"": ""Aukeratu erantzun egokiena.""}]}",,
instrucciones-generales-no-publicadas,73d799a38839,1,,,,
entrada-en-nodo-no-publicado,73d799a38839,,n1,,rubrica,"{""nodo"": ""n1"", ""puntos"": 5.0, ""criterios"": [{""idioma"": ""eu"", ""markdown"": ""A ATALA: IRAKURMENA ETA HIZKUNTZA (guztira $5$ puntu)\n\nA atalaren barruan hiru azpiatal nagusi daude, eta guztiei erantzun behar zaie:\n\n- Ulermenari buruzko galderak ($2$ puntu)\n- Gaia eta laburpena ($1{,}5$ puntu)\n- Hizkuntzari buruzko galderak ($1{,}5$ puntu)""}], ""desglose"": [], ""respuesta"": [], ""paginas"": [{""idioma"": ""eu"", ""pagina"": 1}]}"
entrada-en-nodo-no-publicado,73d799a38839,,n2,,rubrica,"{""nodo"": ""n2"", ""puntos"": 2.0, ""criterios"": [{""idioma"": ""eu"", ""markdown"": ""Ariketa honen helburua da idatzizko testuen ulermena neurtzea. Horretarako, ikasleek test-ereduko galdetegiari erantzun behar diote: aukera anitzeko galderak edo egia/gezurra erakoak jasoko ditu, adibidez. Zuzentzaileak zuzenketen txantiloian aurkituko ditu erantzun zuzenak, eta erantzun okerrek ez dute zigorrik izango.""}], ""desglose"": [], ""respuesta"": [], ""paginas"": [{""idioma"": ""eu"", ""pagina"": 1}]}"
entrada-en-nodo-no-publicado,73d799a38839,,n28,,rubrica,"{""nodo"": ""n28"", ""puntos"": 1.5, ""criterios"": [{""idioma"": ""eu"", ""markdown"": ""Ikasleek azpiatalaren hasieran emandako testuinguruaren arabera erantzun beharko diete hurrengo bi zereginei. Ariketa hau osorik egin beharko dute ikasleek, hautazko aukerarik gabe; alegia, alde batetik, gaia zehaztu beharko dute eta, beste alde batetik, edukiaren laburpena.""}], ""desglose"": [], ""respuesta"": [], ""paginas"": [{""idioma"": ""eu"", ""pagina"": 1}]}"
entrada-en-nodo-no-publicado,73d799a38839,,n31,,rubrica,"{""nodo"": ""n31"", ""puntos"": 1.5, ""criterios"": [{""idioma"": ""eu"", ""markdown"": ""Atal honetan, erantzun zuzenak bakarrik hartuko dira aintzat: erantzun okerrek ez dute punturik kenduko.""}], ""desglose"": [], ""respuesta"": [], ""paginas"": [{""idioma"": ""eu"", ""pagina"": 1}]}"
entrada-en-nodo-no-publicado,73d799a38839,,n50,,rubrica,"{""nodo"": ""n50"", ""puntos"": 5.0, ""criterios"": [{""idioma"": ""eu"", ""markdown"": ""B ATALA: TESTU-EKOIZPENA (guztira $5$ puntu)\n\nB atalak bi azpiariketa ditu, eta biak dira nahitaez egitekoak.\n\n- Idazlan luzea ($4$ puntu)\n- Literatur testua ($1$ puntu)""}], ""desglose"": [], ""respuesta"": [], ""paginas"": [{""idioma"": ""eu"", ""pagina"": 2}]}"
entrada-en-nodo-no-publicado,73d799a38839,,n51,,rubrica,"{""nodo"": ""n51"", ""puntos"": 4.0, ""criterios"": [{""idioma"": ""eu"", ""markdown"": ""Ariketa honetan testu-ekoizpen luzea egin behar da. Testuingurua emanda, ikasleei bi testu-tipologia proposatuko zaizkie. Horietako bakarra hautatu eta gutxienez $180$ hitzeko idazlana egin beharko dute ikasleek. Hitz kopuruari dagokionez, hitzak falta dituzten idazlanei ondoko taularen araberako puntu-kenketak ezarriko zaizkie.\n\nGutxieneko hitz kopurua: $180$ hitz\n\n| Idatzitako hitz kopurua | $169$-$179$ | $159$-$168$ | $149$-$158$ | $\\leq 148$ |\n|---|---:|---:|---:|---:|\n| Puntuazio-kenketa | $-0{,}5$ | $-1$ | $-1{,}5$ | $-2{,}5$ |\n\nIdazlana kalifikatzeko, kontuan hartuko da eskatutakoari zuzen eta egoki erantzun zaion, ikasleek beharrezko informazioa hautatu eta eman duten, testuak kohesioa duen eta ideien arteko koherentzia dagoen, eta erabilitako hizkuntza-baliabideak aberatsak, zehatzak, zuzenak eta egokiak diren. Gainditu ahal izateko, idazlana eskatutakoari lotzen zaiola bermatuko da.\n\nEkoizpenari dagokionez, testu-tipologia edo -genero bakoitzaren konbentzioak baliatu beharko dira. Azterketa honi dagokionez, iritzi-artikulua hautatuz gero, izenburua eta egilearen izen-deiturak (betiere fikziozkoak) eman beharko dituzte ikasleek, testua aldizkari edo egunkari batean argitaratuko balitz bezala. Halaber, mezu elektroniko bat idazteko, igorlea, hartzailea eta gaia idatzi beharko dituzte, dagokien erregistroa erabilita.\n\nIdazlana zuzentzeko erabiliko diren irizpideak\n\n**$3$-$4$ puntu**\n\n- Testua eskatutakoari lotzen zaio eta ondo antolaturik dago.\n- Erabiltzen diren ideia eta argudioak ondo loturik eta garaturik daude.\n- Aukeratu den edukia esanguratsua da gaia garatzeko.\n- Erregistro egokia erabiltzen da, eta lokailu, lexiko eta egitura sintaktiko aberatsak darabiltza.\n- Ortografia eta puntuazioa zuzenak dira.\n\n**$2$-$3$ puntu**\n\n- Testuak ez du ia akatsik; izatekotan, oso akats txikiak dira, inola ere ez sistematikoak.\n- Erabiltzen diren ideia eta argudioak bata besteari loturik eta garaturik daude.\n- Egitura soilekin batera aberatsagoak ere erabiltzen ditu (lokailuak, menderagailuak, etab.).\n- Erregistro egokia erabiltzen du.\n- Ortografia ondo menderatzen du, oro har, tarteka akatsen bat edo beste egin arren.\n\n**$1$-$2$ puntu**\n\n- Idatziak zenbait akats ez-sistematiko du edukian edo forman. Gabeziek, dena den, ez dute ulermena oztopatzen.\n- Egitura soilak baliatzen ditu oro har.\n- Argudio edo ideiak urriak dira, edo ez daude guztiz garatuta edo errepikatu egiten dira.\n- Ideien eta egituren arteko koherentzia- eta kohesio-arazoak dauden arren, ez dute ulermena oztopatzen.\n\n**$0$-$1$ puntu**\n\n- Akatsek ulergaitz egiten dute testua.\n- Egitura soilak erabili arren, horietan ere akatsak daude.\n- Ulergarritasuna oztopatzen duten akatsak daude.\n- Ortografian oinarrizko akats larriak ageri dira, nahiz eta sistematikoak ez izan.\n\nOharra: oinarrizko akastzat joko dira funtsezko osagai eta egitura morfosintaktikoetan egindakoak eta ulermena oztopatzen dutenak. Adibidez, baina ez bakarrik: izen-sintagmaren esparruan, mugagabeari, ergatiboari eta datiboari dagozkienak; aditz-sintagmaren esparruan, aditz-morfemei eta beren ordenari, aditzen denborari, aspektuari eta moduari, eta komunztadurari dagozkienak; joskeraren eta lexikoaren esparruan, kalko oker nabarmenei dagozkienak. Ortografiaren esparruan, oinarrizko lexikoan eta maiztasun handiko hitzetan egindako akatsak joko dira oinarrizkotzat.""}], ""desglose"": [], ""respuesta"": [], ""paginas"": [{""idioma"": ""eu"", ""pagina"": 2}, {""idioma"": ""eu"", ""pagina"": 3}]}"
instrucciones-generales-no-publicadas,785105ac7ec2,3,,,,
instrucciones-generales-no-publicadas,78f2610feda8,5,,,,
instrucciones-generales-no-publicadas,794badfb1034,4,,,,
instrucciones-generales-no-publicadas,79bbdbfe8cb1,1,,,,
instrucciones-generales-no-publicadas,7a299e5b3671,1,,,,
instrucciones-generales-no-publicadas,7e1bad7a80fd,3,,,,
instrucciones-generales-no-publicadas,7f137014114d,1,,,,
instrucciones-generales-no-publicadas,81564bef5faa,2,,,,
instrucciones-generales-no-publicadas,8298a6121d59,2,,,,
instrucciones-generales-no-publicadas,838c30ae94d8,3,,,,
instrucciones-generales-no-publicadas,84c4013b5265,1,,,,
instrucciones-generales-no-publicadas,85dac4a830fa,3,,,,
instrucciones-generales-no-publicadas,86f7a5b9022d,1,,,,
instrucciones-generales-no-publicadas,872e799df038,1,,,,
instrucciones-generales-no-publicadas,89098e676403,1,,,,
instrucciones-generales-no-publicadas,894b8afeb2b8,6,,,,
instrucciones-generales-no-publicadas,8a6f0c48cf59,1,,,,
instrucciones-generales-no-publicadas,8ab0c6fffdcf,2,,,,
instrucciones-generales-no-publicadas,8d4709dd94fc,1,,,,
regla-propia-pregunta-omitida,8daec23be074,,n9,"{""minimo"": 1, ""maximo"": 1, ""de"": 5, ""agregacion"": ""suma"", ""literal"": [{""idioma"": ""es"", ""markdown"": ""eligiendo UNO de los siguientes apartados ($1{,}0$ puntos cada dimensión)""}]}",,
regla-propia-pregunta-omitida,8daec23be074,,n10,"{""minimo"": 1, ""maximo"": 1, ""de"": 5, ""agregacion"": ""suma"", ""literal"": [{""idioma"": ""es"", ""markdown"": ""eligiendo UNO de los siguientes apartados ($1{,}0$ puntos cada dimensión)""}]}",,
instrucciones-generales-no-publicadas,8daec23be074,4,,,,
regla-propia-pregunta-omitida,9079cba0f003,,n2,"{""minimo"": 2, ""maximo"": 2, ""de"": 4, ""agregacion"": ""suma"", ""literal"": [{""idioma"": ""va"", ""markdown"": ""Definiu DOS dels conceptes següents (fins a $2$ punts)""}, {""idioma"": ""es"", ""markdown"": ""Defina DOS de los conceptos siguientes (hasta $2$ puntos)""}]}",,
regla-propia-pregunta-omitida,9079cba0f003,,n11,"{""minimo"": 1, ""maximo"": 1, ""de"": 2, ""agregacion"": ""suma"", ""literal"": [{""idioma"": ""va"", ""markdown"": ""Responeu UNA de les dues opcions (fins a $3$ punts)""}, {""idioma"": ""es"", ""markdown"": ""Responda a UNA de las dos opciones (hasta $3$ puntos)""}]}",,
instrucciones-generales-no-publicadas,907fb92539f2,3,,,,
instrucciones-generales-no-publicadas,90a0459332b9,5,,,,
instrucciones-generales-no-publicadas,90dce8c112ac,1,,,,
instrucciones-generales-no-publicadas,91449450587c,2,,,,
regla-propia-pregunta-omitida,930487e13b75,,n2,"{""minimo"": 2, ""maximo"": 2, ""de"": 4, ""agregacion"": ""suma"", ""literal"": [{""idioma"": ""va"", ""markdown"": ""Definiu DOS dels conceptes següents""}, {""idioma"": ""es"", ""markdown"": ""Defina DOS de los conceptos siguientes""}]}",,
instrucciones-generales-no-publicadas,930487e13b75,2,,,,
regla-propia-pregunta-omitida,933b666312f9,,n6,"{""minimo"": 8, ""maximo"": 8, ""de"": 10, ""agregacion"": ""suma"", ""literal"": [{""idioma"": ""es"", ""markdown"": ""Defina con precisión ocho de los diez conceptos siguientes (escriba, como máximo, una cara de un folio):""}]}",,
regla-propia-pregunta-omitida,933b666312f9,,n30,"{""minimo"": 8, ""maximo"": 8, ""de"": 10, ""agregacion"": ""suma"", ""literal"": [{""idioma"": ""es"", ""markdown"": ""Defina con precisión ocho de los diez conceptos siguientes (escriba, como máximo, una cara de un folio):""}]}",,
instrucciones-generales-no-publicadas,933b666312f9,3,,,,
instrucciones-generales-no-publicadas,942b1778f510,4,,,,
instrucciones-generales-no-publicadas,9467e9ab2b2f,6,,,,
instrucciones-generales-no-publicadas,956df9272cca,2,,,,
regla-propia-pregunta-omitida,98dbad03a155,,n2,"{""minimo"": 2, ""maximo"": 2, ""de"": 4, ""agregacion"": ""suma"", ""literal"": [{""idioma"": ""va"", ""markdown"": ""Definisca DUES dels conceptes següents (fins a $2$ punts)""}, {""idioma"": ""es"", ""markdown"": ""Defina DOS de los conceptos siguientes (hasta $2$ puntos)""}]}",,
regla-propia-pregunta-omitida,98dbad03a155,,n8,"{""minimo"": 1, ""maximo"": 1, ""de"": 2, ""agregacion"": ""suma"", ""literal"": [{""idioma"": ""va"", ""markdown"": ""trie UNA de les dues fonts""}, {""idioma"": ""es"", ""markdown"": ""elija UNA de las dos fuentes""}]}",,
regla-propia-pregunta-omitida,98dbad03a155,,n12,"{""minimo"": 1, ""maximo"": 1, ""de"": 2, ""agregacion"": ""suma"", ""literal"": [{""idioma"": ""va"", ""markdown"": ""s'ha de triar UNA opció en la pregunta $3$\nResponga a UNA de les dues opcions (fins a $3$ punts)""}, {""idioma"": ""es"", ""markdown"": ""se ha de elegir una opción en la pregunta $3$\nResponda a UNA de las dos opciones (hasta $3$ puntos)""}]}",,
instrucciones-generales-no-publicadas,98dbad03a155,2,,,,
instrucciones-generales-no-publicadas,9a5ffea388d0,1,,,,
instrucciones-generales-no-publicadas,9c232efc4ff3,1,,,,
regla-propia-pregunta-omitida,9c4cbc92103b,,n7,"{""minimo"": 2, ""maximo"": 2, ""de"": 3, ""agregacion"": ""suma"", ""literal"": [{""idioma"": ""fr"", ""markdown"": ""Vous devez répondre à DEUX de ces trois questions.""}]}",,
regla-propia-pregunta-omitida,9c4cbc92103b,,n11,"{""minimo"": 2, ""maximo"": 2, ""de"": 4, ""agregacion"": ""suma"", ""literal"": [{""idioma"": ""fr"", ""markdown"": ""indiquez les DEUX solutions correctes, d’après le texte""}]}",,
regla-propia-pregunta-omitida,9c4cbc92103b,,n17,"{""minimo"": 1, ""maximo"": 1, ""de"": 2, ""agregacion"": ""suma"", ""literal"": [{""idioma"": ""fr"", ""markdown"": ""UNE des deux phrases suivantes :""}]}",,
regla-propia-pregunta-omitida,9c4cbc92103b,,n21,"{""minimo"": 2, ""maximo"": 2, ""de"": 3, ""agregacion"": ""suma"", ""literal"": [{""idioma"": ""fr"", ""markdown"": ""Répondez à DEUX de ces trois questions.""}]}",,
regla-propia-pregunta-omitida,9c4cbc92103b,,n25,"{""minimo"": 2, ""maximo"": 2, ""de"": 3, ""agregacion"": ""suma"", ""literal"": [{""idioma"": ""fr"", ""markdown"": ""Répondez à DEUX de ces trois questions.""}]}",,
regla-propia-pregunta-omitida,9c4cbc92103b,,n31,"{""minimo"": 1, ""maximo"": 1, ""de"": 2, ""agregacion"": ""suma"", ""literal"": [{""idioma"": ""fr"", ""markdown"": ""Répondez à l’UNE de ces deux questions""}]}",,
instrucciones-generales-no-publicadas,9c4cbc92103b,3,,,,
entrada-en-nodo-no-publicado,9c4cbc92103b,,n1,,rubrica,"{""nodo"": ""n1"", ""puntos"": 2.5, ""criterios"": [{""idioma"": ""es"", ""markdown"": ""El bloque $1$ deberá calificarse de $0$ a $2{,}5$ puntos.""}, {""idioma"": ""es"", ""markdown"": ""Las preguntas de este bloque corresponden a la competencia específica $1$ de Francés para alumnos de Bachillerato (Decreto $64/2022$, de $20$ de julio, del Consejo de Gobierno, por el que se establecen para la Comunidad de Madrid la ordenación y el currículo del Bachillerato) tiene por objeto medir la capacidad de comprensión lectora del alumno. Si al reproducir las frases del texto el alumno comete errores, la calificación disminuirá proporcionalmente al número de faltas.""}], ""desglose"": [], ""respuesta"": [], ""paginas"": [{""idioma"": ""es"", ""pagina"": 5}]}"
entrada-en-nodo-no-publicado,9c4cbc92103b,,n16,,rubrica,"{""nodo"": ""n16"", ""puntos"": 1.5, ""criterios"": [{""idioma"": ""es"", ""markdown"": ""El bloque $2$ deberá calificarse de $0$ a $1{,}5$ puntos.""}], ""desglose"": [], ""respuesta"": [], ""paginas"": [{""idioma"": ""es"", ""pagina"": 5}]}"
entrada-en-nodo-no-publicado,9c4cbc92103b,,n20,,rubrica,"{""nodo"": ""n20"", ""puntos"": 3.0, ""criterios"": [{""idioma"": ""es"", ""markdown"": ""Los bloques $3$ y $4$ se calificarán de $0$ a $3$ puntos cada uno.""}, {""idioma"": ""es"", ""markdown"": ""Las preguntas de este bloque corresponden a la competencia específica $5$ para alumnos de Francés de Bachillerato. El objetivo de las cuestiones planteadas es valorar el conocimiento del léxico y de la morfosintaxis del francés.""}], ""desglose"": [], ""respuesta"": [], ""paginas"": [{""idioma"": ""es"", ""pagina"": 5}]}"
entrada-en-nodo-no-publicado,9c4cbc92103b,,n29,,rubrica,"{""nodo"": ""n29"", ""puntos"": 3.0, ""criterios"": [{""idioma"": ""es"", ""markdown"": ""Las preguntas de este bloque corresponden a las competencias específicas $2$, $4$ y $6$ para alumnos de Francés de Bachillerato. La competencia específica $2$ remite a la capacidad de producir textos originales, bien organizados que expresen ideas y argumentos de forma creativa, correcta y coherente. La competencia específica $4$ alude a la capacidad de ampliar y de usar los repertorios lingüísticos personales entre distintas lenguas, reflexionando sobre su funcionamiento con objeto de mejorar la respuesta a las necesidades comunicativas. En cuanto a la competencia específica $6$ se refiere a la capacidad del alumno para valorar críticamente y adecuarse a la diversidad lingüística y cultural.""}, {""idioma"": ""es"", ""markdown"": ""Se adjudicarán hasta $2$ puntos en la primera pregunta y hasta $1$ punto en la segunda.""}, {""idioma"": ""es"", ""markdown"": ""Las preguntas de este bloque se evaluarán según las rúbricas que se adjuntan en el anexo $1a$ y $1b$ de estos criterios de corrección.""}], ""desglose"": [], ""respuesta"": [], ""paginas"": [{""idioma"": ""es"", ""pagina"": 5}]}"
instrucciones-generales-no-publicadas,9c694c304495,1,,,,
entrada-en-nodo-no-publicado,9c694c304495,,n1,,rubrica,"{""nodo"": ""n1"", ""puntos"": 4.0, ""criterios"": [], ""desglose"": [{""descripcion"": [{""idioma"": ""es"", ""markdown"": ""Dos preguntas de comprensión""}], ""puntos"": 2.0}, {""descripcion"": [{""idioma"": ""es"", ""markdown"": ""Una pregunta de producción""}], ""puntos"": 2.0}], ""respuesta"": [], ""paginas"": [{""idioma"": ""es"", ""pagina"": 1}]}"
entrada-en-nodo-no-publicado,9c694c304495,,n2,,rubrica,"{""nodo"": ""n2"", ""puntos"": 2.0, ""criterios"": [], ""desglose"": [{""descripcion"": [{""idioma"": ""es"", ""markdown"": ""Pregunta 1""}], ""puntos"": 1.0}, {""descripcion"": [{""idioma"": ""es"", ""markdown"": ""Pregunta 2""}], ""puntos"": 1.0}], ""respuesta"": [], ""paginas"": [{""idioma"": ""es"", ""pagina"": 1}]}"
entrada-en-nodo-no-publicado,9c694c304495,,n6,,rubrica,"{""nodo"": ""n6"", ""puntos"": 3.0, ""criterios"": [{""idioma"": ""es"", ""markdown"": ""De los cuatro niveles del análisis que se incluyen en este bloque (sintaxis, morfología, léxico y modalización), se formularán preguntas únicamente sobre tres. Y en cada nivel habrá tres opciones, de las que el estudiante deberá contestar únicamente dos.""}], ""desglose"": [], ""respuesta"": [], ""paginas"": [{""idioma"": ""es"", ""pagina"": 1}]}"
entrada-en-nodo-no-publicado,9c694c304495,,n7,,rubrica,"{""nodo"": ""n7"", ""puntos"": null, ""criterios"": [{""idioma"": ""es"", ""markdown"": ""Preguntas referidas a determinados fragmentos del texto, y que podrán versar sobre la función y justificación sintáctica de algunos constituyentes, la composición de ciertos sintagmas, la clase en que se puede incluir la oración principal o alguna(s) de la(s) subordinada(s), etc. Cada una de esas preguntas podrá contener a su vez varias cuestiones diferentes en su interior.""}], ""desglose"": [], ""respuesta"": [], ""paginas"": [{""idioma"": ""es"", ""pagina"": 1}]}"
entrada-en-nodo-no-publicado,9c694c304495,,n11,,rubrica,"{""nodo"": ""n11"", ""puntos"": null, ""criterios"": [{""idioma"": ""es"", ""markdown"": ""El alumnado deberá comentar con detalle preguntas acerca de rasgos modalizadores presentes en el texto, y concernientes al uso de marcas lingüísticas relacionadas con el tipo de registro, la selección del léxico, el empleo de figuras retóricas, la deíxis personal, el uso de marcadores textuales, la utilización de determinadas marcas tipográficas, entre otras.""}], ""desglose"": [], ""respuesta"": [], ""paginas"": [{""idioma"": ""es"", ""pagina"": 2}]}"
entrada-en-nodo-no-publicado,9c694c304495,,n15,,rubrica,"{""nodo"": ""n15"", ""puntos"": null, ""criterios"": [{""idioma"": ""es"", ""markdown"": ""En este apartado, el alumnado demostrará su conocimiento del léxico y de las relaciones de significado (sinonimia, antonimia, hiperonimia, holonimia, meronimia, polisemia, etc.) Las preguntas podrán formularse tanto en relación con palabas aisladas como sobre combinaciones de estas (colocaciones, locuciones, paremias…).""}], ""desglose"": [], ""respuesta"": [], ""paginas"": [{""idioma"": ""es"", ""pagina"": 2}]}"
entrada-en-nodo-no-publicado,9c694c304495,,n19,,rubrica,"{""nodo"": ""n19"", ""puntos"": 3.0, ""criterios"": [{""idioma"": ""es"", ""markdown"": ""A partir de un único texto, perteneciente a alguna de las lecturas trabajadas en $2.^{\\circ}$ de Bachillerato, Cuentos de Emilia Pardo Bazán (selección de $10$ cuentos); Tres sombreros de copa, de Miguel Mihura; Selección poética de la generación del $27$ ($18$ poemas, escritos por $6$ autores diferentes), el alumnado deberá contestar a dos de las tres preguntas que se formulen en el examen (a razón de $1{,}5$ puntos cada una). Estas preguntas estarán relacionadas con uno de los autores o textos seleccionados (sin optatividad textual) e incluirán en su interior diversas cuestiones. Una de las preguntas tendrá siempre un carácter más general, y en ella el alumnado deberá mostrar su capacidad para poner en relación la obra de la que forma parte el texto con otras del mismo autor, o con escritores, movimientos literarios, artísticos, ideológicos, etc., con los que se pudiera asociar de alguna manera.\n\nA través de las respuestas a esas preguntas el alumnado demostrará su nivel de comprensión de la obra, así como su conocimiento sobre la temática, los personajes, el estilo, la trascendencia de esta en la producción del autor, los movimientos literarios de la época u otros elementos culturales y sociales con los que el texto muestre conexión.\n\nLas respuestas deberán ser breves (se indicará la extensión máxima en cada caso) y dirigidas a desarrollar el contenido de la pregunta de forma concisa y clara.\n\nPara la evaluación de este bloque se tendrán también en cuenta los aspectos de redacción y de estilo que se evaluaban en la pregunta de producción del Bloque I.""}], ""desglose"": [{""descripcion"": [{""idioma"": ""es"", ""markdown"": ""a razón de $1{,}5$ puntos cada una""}], ""puntos"": 1.5}, {""descripcion"": [{""idioma"": ""es"", ""markdown"": ""a razón de $1{,}5$ puntos cada una""}], ""puntos"": 1.5}], ""respuesta"": [], ""paginas"": [{""idioma"": ""es"", ""pagina"": 2}]}"
instrucciones-generales-no-publicadas,9c6c1758e986,4,,,,
instrucciones-generales-no-publicadas,9d2c2caffedb,1,,,,
instrucciones-generales-no-publicadas,9d70af4a5d41,1,,,,
instrucciones-generales-no-publicadas,9e8570ee562e,2,,,,
regla-propia-pregunta-omitida,a05dd314b1f2,,n16,"{""minimo"": 3, ""maximo"": 3, ""de"": 5, ""agregacion"": ""suma"", ""literal"": [{""idioma"": ""es"", ""markdown"": ""Seleccione y defina tres de los siguientes términos teatrales y explique un ejemplo de cada uno a partir de las obras de referencia.""}]}",,
regla-propia-pregunta-omitida,a05dd314b1f2,,n22,"{""minimo"": 1, ""maximo"": 1, ""de"": 2, ""agregacion"": ""suma"", ""literal"": [{""idioma"": ""es"", ""markdown"": ""Responda a uno de estos dos apartados.""}]}",,
instrucciones-generales-no-publicadas,a05dd314b1f2,2,,,,
entrada-en-nodo-no-publicado,a05dd314b1f2,,n1,,rubrica,"{""nodo"": ""n1"", ""puntos"": 4.0, ""criterios"": [], ""desglose"": [], ""respuesta"": [], ""paginas"": [{""idioma"": ""es"", ""pagina"": 3}]}"
entrada-en-nodo-no-publicado,a0e4c2414f7c,,n7,,rubrica,"{""nodo"": ""n7"", ""puntos"": 3.0, ""criterios"": [{""idioma"": ""es"", ""markdown"": ""De los cuatro niveles del análisis que se incluyen en este bloque (sintaxis, morfología, léxico y modalización), se formularán preguntas únicamente sobre tres. Y en cada nivel habrá tres opciones, de las que el estudiante deberá contestar únicamente dos.""}], ""desglose"": [], ""respuesta"": [], ""paginas"": [{""idioma"": ""es"", ""pagina"": 1}]}"
entrada-en-nodo-no-publicado,a0e4c2414f7c,,n8,,rubrica,"{""nodo"": ""n8"", ""puntos"": null, ""criterios"": [{""idioma"": ""es"", ""markdown"": ""Preguntas referidas a determinados fragmentos del texto, y que podrán versar sobre la función y justificación sintáctica de algunos constituyentes, la composición de ciertos sintagmas, la clase en que se puede incluir la oración principal o alguna(s) de la(s) subordinada(s), etc. Cada una de esas preguntas podrá contener a su vez varias cuestiones diferentes en su interior.""}], ""desglose"": [], ""respuesta"": [], ""paginas"": [{""idioma"": ""es"", ""pagina"": 1}]}"
entrada-en-nodo-no-publicado,a0e4c2414f7c,,n12,,rubrica,"{""nodo"": ""n12"", ""puntos"": null, ""criterios"": [{""idioma"": ""es"", ""markdown"": ""En el análisis morfológico de las palabras se incluirán los siguientes aspectos: a) identificación de la categoría léxica (sustantivo, adjetivo, etc.) a la que pertenecen; b) segmentación de las palabras en sus componentes (con indicación expresa de lexemas, prefijos, sufijos derivativos, sufijos flexivos, etc.) y c) identificación de la clase a la que pertenecen esas palabras, de acuerdo con el procedimiento de formación (simple, derivada, parasintética, etc.).""}], ""desglose"": [], ""respuesta"": [], ""paginas"": [{""idioma"": ""es"", ""pagina"": 2}]}"
entrada-en-nodo-no-publicado,a0e4c2414f7c,,n16,,rubrica,"{""nodo"": ""n16"", ""puntos"": null, ""criterios"": [{""idioma"": ""es"", ""markdown"": ""El alumnado deberá comentar con detalle preguntas acerca de rasgos modalizadores presentes en el texto, y concernientes al uso de marcas lingüísticas relacionadas con el tipo de registro, la selección del léxico, el empleo de figuras retóricas, la deíxis personal, el uso de marcadores textuales, la utilización de determinadas marcas tipográficas, entre otras.""}], ""desglose"": [], ""respuesta"": [], ""paginas"": [{""idioma"": ""es"", ""pagina"": 2}]}"
entrada-en-nodo-no-publicado,a0e4c2414f7c,,n20,,rubrica,"{""nodo"": ""n20"", ""puntos"": 3.0, ""criterios"": [{""idioma"": ""es"", ""markdown"": ""A partir de un único texto, perteneciente a alguna de las lecturas trabajadas en $2.^{\\circ}$ de Bachillerato, Cuentos de Emilia Pardo Bazán (selección de $10$ cuentos); Tres sombreros de copa, de Miguel Mihura; Selección poética de la generación del $27$ ($18$ poemas, escritos por $6$ autores diferentes), el alumnado deberá contestar a dos de las tres preguntas que se formulen en el examen (a razón de $1{,}5$ puntos cada una). Estas preguntas estarán relacionadas con uno de los autores o textos seleccionados (sin optatividad textual) e incluirán en su interior diversas cuestiones. Una de las preguntas tendrá siempre un carácter más general, y en ella el alumnado deberá mostrar su capacidad para poner en relación la obra de la que forma parte el texto con otras del mismo autor, o con escritores, movimientos literarios, artísticos, ideológicos, etc., con los que se pudiera asociar de alguna manera. Las demás tratarán aspectos directamente vinculados con la obra objeto de estudio.\n\nA través de las respuestas a esas preguntas el alumnado demostrará su nivel de comprensión de la obra, así como su conocimiento sobre la temática, los personajes, el estilo, la trascendencia de esta en la producción del autor, los movimientos literarios de la época u otros elementos culturales y sociales con los que el texto muestre conexión.\n\nLas respuestas deberán ser breves (se indicará la extensión máxima en cada caso) y dirigidas a desarrollar el contenido de la pregunta de forma concisa y clara.\n\nPara la evaluación de este bloque se tendrán también en cuenta los aspectos de redacción y de estilo que se evaluaban en la pregunta de producción del Bloque I.""}], ""desglose"": [], ""respuesta"": [], ""paginas"": [{""idioma"": ""es"", ""pagina"": 2}]}"
instrucciones-generales-no-publicadas,a1bdfb201724,2,,,,
instrucciones-generales-no-publicadas,a25ae1a53c4f,1,,,,
instrucciones-generales-no-publicadas,a2af56a74785,2,,,,
entrada-en-nodo-no-publicado,a2af56a74785,,n1,,rubrica,"{""nodo"": ""n1"", ""puntos"": 2.0, ""criterios"": [], ""desglose"": [], ""respuesta"": [], ""paginas"": [{""idioma"": ""es"", ""pagina"": 2}]}"
entrada-en-nodo-no-publicado,a2af56a74785,,n6,,rubrica,"{""nodo"": ""n6"", ""puntos"": 2.0, ""criterios"": [], ""desglose"": [], ""respuesta"": [], ""paginas"": [{""idioma"": ""es"", ""pagina"": 2}]}"
entrada-en-nodo-no-publicado,a2af56a74785,,n13,,rubrica,"{""nodo"": ""n13"", ""puntos"": 2.0, ""criterios"": [], ""desglose"": [], ""respuesta"": [], ""paginas"": [{""idioma"": ""es"", ""pagina"": 3}]}"
entrada-en-nodo-no-publicado,a2af56a74785,,n20,,rubrica,"{""nodo"": ""n20"", ""puntos"": 2.0, ""criterios"": [], ""desglose"": [], ""respuesta"": [], ""paginas"": [{""idioma"": ""es"", ""pagina"": 5}]}"
entrada-en-nodo-no-publicado,a2af56a74785,,n30,,rubrica,"{""nodo"": ""n30"", ""puntos"": 2.0, ""criterios"": [], ""desglose"": [], ""respuesta"": [], ""paginas"": [{""idioma"": ""es"", ""pagina"": 6}]}"
instrucciones-generales-no-publicadas,a46252664577,1,,,,
instrucciones-generales-no-publicadas,a48e0ad45b08,1,,,,
entrada-en-nodo-no-publicado,a48e0ad45b08,,n1,,rubrica,"{""nodo"": ""n1"", ""puntos"": 4.0, ""criterios"": [{""idioma"": ""es"", ""markdown"": ""Este bloque es obligatorio.""}, {""idioma"": ""es"", ""markdown"": ""En este bloque se incluyen tres preguntas referidas a un texto.""}], ""desglose"": [], ""respuesta"": [], ""paginas"": [{""idioma"": ""es"", ""pagina"": 1}]}"
entrada-en-nodo-no-publicado,a48e0ad45b08,,n7,,rubrica,"{""nodo"": ""n7"", ""puntos"": 6.0, ""criterios"": [{""idioma"": ""es"", ""markdown"": ""El alumno deberá elegir cinco ($5$) de las diez ($10$) preguntas que se proponen y responder a las cuestiones que dentro de cada una de ellas se plantean.\n\nDe las $10$ preguntas propuestas, $6$ serán de Conocimiento de la lengua (sintaxis, morfología, modalización y léxico y semántica.) y $4$ de Educación literaria, a partir de dos textos seleccionados. El alumno podrá elegir libremente las cinco preguntas que prefiera, con independencia de la materia a la que estas pertenezcan.""}], ""desglose"": [], ""respuesta"": [], ""paginas"": [{""idioma"": ""es"", ""pagina"": 2}]}"
regla-propia-pregunta-omitida,a657e3b0b744,,n7,"{""minimo"": 2, ""maximo"": 2, ""de"": 3, ""agregacion"": ""suma"", ""literal"": [{""idioma"": ""es"", ""markdown"": ""En cada nivel, deberá contestar únicamente a dos de las tres preguntas que se ofrecen.""}]}",,
regla-propia-pregunta-omitida,a657e3b0b744,,n11,"{""minimo"": 2, ""maximo"": 2, ""de"": 3, ""agregacion"": ""suma"", ""literal"": [{""idioma"": ""es"", ""markdown"": ""En cada nivel, deberá contestar únicamente a dos de las tres preguntas que se ofrecen.""}]}",,
regla-propia-pregunta-omitida,a657e3b0b744,,n15,"{""minimo"": 2, ""maximo"": 2, ""de"": 3, ""agregacion"": ""suma"", ""literal"": [{""idioma"": ""es"", ""markdown"": ""En cada nivel, deberá contestar únicamente a dos de las tres preguntas que se ofrecen.""}]}",,
instrucciones-generales-no-publicadas,a657e3b0b744,2,,,,
entrada-en-nodo-no-publicado,a657e3b0b744,,n1,,rubrica,"{""nodo"": ""n1"", ""puntos"": 4.0, ""criterios"": [], ""desglose"": [], ""respuesta"": [], ""paginas"": [{""idioma"": ""va"", ""pagina"": 1}]}"
entrada-en-nodo-no-publicado,a657e3b0b744,,n6,,rubrica,"{""nodo"": ""n6"", ""puntos"": 3.0, ""criterios"": [{""idioma"": ""va"", ""markdown"": ""Dels quatre nivells de l'anàlisi que s'inclouen en este bloc (sintaxi, morfologia, lèxic i modalització), es formularan preguntes únicament sobre tres. I en cada nivell hi haurà tres opcions, de les quals l'estudiant haurà de contestar únicament dos.""}], ""desglose"": [], ""respuesta"": [], ""paginas"": [{""idioma"": ""va"", ""pagina"": 1}]}"
entrada-en-nodo-no-publicado,a657e3b0b744,,n19,,rubrica,"{""nodo"": ""n19"", ""puntos"": 3.0, ""criterios"": [{""idioma"": ""va"", ""markdown"": ""A partir d'un únic text, pertanyent a un dels tres autors estudiats en 2n de Batxillerat (García Lorca, Martín Gaite i Buero Vallejo), es formularan tres preguntes d'obligada resposta, sense optativitat. A través de les respostes a eixes preguntes l'alumnat demostrarà el seu nivell de comprensió de l'obra, així com el seu coneixement sobre la temàtica, els personatges, l'estil, la transcendència d'esta en la producció de l'autor, els moviments literaris de l'època o altres elements culturals i socials amb els quals el text mostre connexió.\n\nLes preguntes també podran estar relacionades amb aspectes externs (context, obres de l'autor o de l'autora, etc.).\n\nLes respostes hauran de ser breus (s'indicarà l'extensió màxima en cada cas) i dirigides a desenrotllar el contingut de la pregunta de manera concisa i clara.\n\nPer a l'avaluació d'este bloc es tindran també en compte els aspectes de redacció i d'estil que s'avaluaven en la pregunta de producció del Bloc I.""}], ""desglose"": [], ""respuesta"": [], ""paginas"": [{""idioma"": ""va"", ""pagina"": 2}]}"
instrucciones-generales-no-publicadas,a776d935bdc1,1,,,,
instrucciones-generales-no-publicadas,a91229e62578,2,,,,
instrucciones-generales-no-publicadas,a95cacf9e10e,2,,,,
regla-propia-pregunta-omitida,aa5655e3b9e2,,n2,"{""minimo"": 1, ""maximo"": 1, ""de"": 2, ""agregacion"": ""suma"", ""literal"": [{""idioma"": ""es"", ""markdown"": ""Responda a una de estas dos preguntas:""}]}",,
regla-propia-pregunta-omitida,aa5655e3b9e2,,n5,"{""minimo"": 1, ""maximo"": 1, ""de"": 2, ""agregacion"": ""suma"", ""literal"": [{""idioma"": ""es"", ""markdown"": ""Responda a una de estas dos preguntas:""}]}",,
regla-propia-pregunta-omitida,aa5655e3b9e2,,n8,"{""minimo"": 1, ""maximo"": 1, ""de"": 2, ""agregacion"": ""suma"", ""literal"": [{""idioma"": ""es"", ""markdown"": ""Responda a una de estas dos preguntas:""}]}",,
instrucciones-generales-no-publicadas,aa5655e3b9e2,1,,,,
instrucciones-generales-no-publicadas,aac3495c1069,1,,,,
regla-propia-pregunta-omitida,ab690a84e30c,,n33,"{""minimo"": 1, ""maximo"": 1, ""de"": 2, ""agregacion"": ""suma"", ""literal"": [{""idioma"": ""en"", ""markdown"": ""Choose one of these two topics""}]}",,
regla-propia-pregunta-omitida,ab690a84e30c,,n68,"{""minimo"": 1, ""maximo"": 1, ""de"": 2, ""agregacion"": ""suma"", ""literal"": []}",,
entrada-en-nodo-no-publicado,ab690a84e30c,,n32,,rubrica,"{""nodo"": ""n32"", ""puntos"": 4.0, ""criterios"": [{""idioma"": ""va"", ""markdown"": ""Valor total d'aquesta part $4$ punts. En aquesta part es podrà demanar que els alumnes produesquen un text de $130$-$150$ paraules. En aquest apartat s'ha de valorar la capacitat de comunicació de l'alumne en un anglès acceptable en expressar la seua opinió i idees sobre aspectos relacionats amb el text proposat. Caldrà valorar quant de positiu haja pogut portar a terme l'alumne i no fixar-se únicament en els errors gramaticals. Seria fonamental considerar els següents aspectes:\n1. Aspectes de caràcter estratègic: amb un màxim de $0{,}5$ punts.\n2. Correcció gramatical: amb un màxim de $1{,}5$ punts.\n3. Claredat d'expressió i organització textual: amb un màxim d'$1$ punt.\n4. Varietat, riquesa i precisió lèxica: amb un màxim d'$1$ punt.\n\n**ORIENTACIONS PER A CORRECCIÓ DELS ASPECTES ANTERIORS**\n\n**1. Aspectes de caràcter estratègic:**\n- Presentació clara i ordenada (marges, sagnats, etc.).\n- Ortografia correcta.\n- Text distribuït en paràgrafs.\n- Ús correcte de signes de puntuació.\n- Lletra clara i comprensible.\n- Escrit en tinta.\n- …\n\n**2. Correcció gramatical:**\n- Ordre correcte dels elements fràstics (SVO…).\n- Concordances correctes (S-V, pronoms referents…).\n- Formes pronominals correctes.\n- Quantificadors correctes.\n- Estructuració negativa correcta.\n- Temps i seqüències verbals adequats i correctes.\n- Partícules temporals adequades (FOR, SINCE, AGO, ALREADY).\n- Ús adequat d'articles (genèrics, específics…).\n- Ús correcte del possessiu.\n- Coneixement dels plurals irregulars.\n- Ús correcte de modals i defectius.\n- Invariabilitat dels adjectius (gènere i nombre).\n- Ús correcte de les preposicions.\n- …\n\n**3. Claredat d'expressió i organització textual:**\n- Seqüenciació i organització del text clara i lògica.\n- No hi ha excessives repeticions.\n- No és un text confús i fosc.\n- Ús adequat de connectors per a les diferents idees.\n- Aproximació al tema coherent i original.\n- Estructuració de les idees en paràgrafs.\n- …\n\n**4. Varietat, riquesa i precisió lèxica:**\n- No s'usen paraules en espanyol ni inexistents.\n- Elecció de termes específics i concrets per a aqueix text.\n- No existeix confusió entre elements lèxics bàsics.\n- No hi ha confusió entre categories gramaticals.\n- No existeix un abús desmesurat d'expressions idiomàtiques.""}, {""idioma"": ""es"", ""markdown"": ""Valor total de este apartado $4$ puntos. En esta parte se podrá pedir que los alumnos produzcan un texto de $130$-$150$ palabras. En este apartado se ha de valorar la capacidad de comunicación del alumno en un inglés aceptable al expresar su opinión e ideas sobre aspectos relacionados con el texto propuesto. Habrá que valorar cuanto de positivo haya podido llevar a cabo el alumno y no fijarse únicamente en los errores gramaticales. Sería fundamental considerar los siguientes aspectos:\n1. Aspectos de carácter estratégico: con un máximo de $0{,}5$ puntos.\n2. Corrección gramatical: con un máximo de $1{,}5$ puntos.\n3. Claridad de expresión y organización textual: con un máximo de $1$ punto.\n4. Variedad, riqueza y precisión léxica: con un máximo de $1$ punto.\n\n**ORIENTACIONES PARA CORRECCIÓN DE LOS ASPECTOS ANTERIORES**\n\n**1. Aspectos de carácter estratégico:**\n- Presentación clara y ordenada (márgenes, sangrados etc.)\n- Ortografía correcta.\n- Texto distribuido en párrafos.\n- Uso correcto de signos de puntuación.\n- Letra clara y comprensible.\n- Escrito en tinta.\n- …\n\n**2. Corrección gramatical:**\n- Orden correcto de los elementos frásticos (SVO…).\n- Concordancias correctas (S-V, Pronombres referentes…).\n- Formas pronominales correctas.\n- Cuantificadores correctos.\n- Estructuración negativa correcta.\n- Tiempos y secuencias verbales adecuados y correctos.\n- Partículas temporales adecuadas (FOR, SINCE, AGO, ALREADY).\n- Uso adecuado de artículos (genéricos, específicos…).\n- Uso correcto del posesivo.\n- Conocimiento de los plurales irregulares.\n- Uso correcto de modales y defectivos.\n- Invariabilidad de los adjetivos (género y número).\n- Uso correcto de las preposiciones.\n- …\n\n**3. Claridad de expresión y organización textual:**\n- Secuenciación y organización del texto clara y lógica.\n- No hay excesivas repeticiones.\n- No es un texto confuso y oscuro.\n- Uso adecuado de conectores para las diferentes ideas.\n- Aproximación al tema coherente y original.\n- Estructuración de las ideas en párrafos.\n- …\n\n**4. Variedad, riqueza y precisión léxica:**\n- No se usan palabras en español ni inexistentes.\n- Elección de términos específicos y concretos para ese texto.\n- No existe confusión entre elementos léxicos básicos.\n- No hay confusión entre categorías gramaticales.\n- No existe un abuso desmesurado de expresiones idiomáticas.""}], ""desglose"": [{""descripcion"": [{""idioma"": ""va"", ""markdown"": ""Aspectes de caràcter estratègic""}, {""idioma"": ""es"", ""markdown"": ""Aspectos de carácter estratégico""}], ""puntos"": 0.5}, {""descripcion"": [{""idioma"": ""va"", ""markdown"": ""Correcció gramatical""}, {""idioma"": ""es"", ""markdown"": ""Corrección gramatical""}], ""puntos"": 1.5}, {""descripcion"": [{""idioma"": ""va"", ""markdown"": ""Claredat d'expressió i organització textual""}, {""idioma"": ""es"", ""markdown"": ""Claridad de expresión y organización textual""}], ""puntos"": 1.0}, {""descripcion"": [{""idioma"": ""va"", ""markdown"": ""Varietat, riquesa i precisió lèxica""}, {""idioma"": ""es"", ""markdown"": ""Variedad, riqueza y precisión léxica""}], ""puntos"": 1.0}], ""respuesta"": [], ""paginas"": [{""idioma"": ""va"", ""pagina"": 3}, {""idioma"": ""es"", ""pagina"": 4}]}"
entrada-en-nodo-no-publicado,ab690a84e30c,,n67,,rubrica,"{""nodo"": ""n67"", ""puntos"": 4.0, ""criterios"": [{""idioma"": ""va"", ""markdown"": ""Valor total d'aquesta part $4$ punts. En aquesta part es podrà demanar que els alumnes produesquen un text de $130$-$150$ paraules. En aquest apartat s'ha de valorar la capacitat de comunicació de l'alumne en un anglès acceptable en expressar la seua opinió i idees sobre aspectos relacionats amb el text proposat. Caldrà valorar quant de positiu haja pogut portar a terme l'alumne i no fixar-se únicament en els errors gramaticals. Seria fonamental considerar els següents aspectes:\n1. Aspectes de caràcter estratègic: amb un màxim de $0{,}5$ punts.\n2. Correcció gramatical: amb un màxim de $1{,}5$ punts.\n3. Claredat d'expressió i organització textual: amb un màxim d'$1$ punt.\n4. Varietat, riquesa i precisió lèxica: amb un màxim d'$1$ punt.\n\n**ORIENTACIONS PER A CORRECCIÓ DELS ASPECTES ANTERIORS**\n\n**1. Aspectes de caràcter estratègic:**\n- Presentació clara i ordenada (marges, sagnats, etc.).\n- Ortografia correcta.\n- Text distribuït en paràgrafs.\n- Ús correcte de signes de puntuació.\n- Lletra clara i comprensible.\n- Escrit en tinta.\n- …\n\n**2. Correcció gramatical:**\n- Ordre correcte dels elements fràstics (SVO…).\n- Concordances correctes (S-V, pronoms referents…).\n- Formes pronominals correctes.\n- Quantificadors correctes.\n- Estructuració negativa correcta.\n- Temps i seqüències verbals adequats i correctes.\n- Partícules temporals adequades (FOR, SINCE, AGO, ALREADY).\n- Ús adequat d'articles (genèrics, específics…).\n- Ús correcte del possessiu.\n- Coneixement dels plurals irregulars.\n- Ús correcte de modals i defectius.\n- Invariabilitat dels adjectius (gènere i nombre).\n- Ús correcte de les preposicions.\n- …\n\n**3. Claredat d'expressió i organització textual:**\n- Seqüenciació i organització del text clara i lògica.\n- No hi ha excessives repeticions.\n- No és un text confús i fosc.\n- Ús adequat de connectors per a les diferents idees.\n- Aproximació al tema coherent i original.\n- Estructuració de les idees en paràgrafs.\n- …\n\n**4. Varietat, riquesa i precisió lèxica:**\n- No s'usen paraules en espanyol ni inexistents.\n- Elecció de termes específics i concrets per a aqueix text.\n- No existeix confusió entre elements lèxics bàsics.\n- No hi ha confusió entre categories gramaticals.\n- No existeix un abús desmesurat d'expressions idiomàtiques.""}, {""idioma"": ""es"", ""markdown"": ""Valor total de este apartado $4$ puntos. En esta parte se podrá pedir que los alumnos produzcan un texto de $130$-$150$ palabras. En este apartado se ha de valorar la capacidad de comunicación del alumno en un inglés aceptable al expresar su opinión e ideas sobre aspectos relacionados con el texto propuesto. Habrá que valorar cuanto de positivo haya podido llevar a cabo el alumno y no fijarse únicamente en los errores gramaticales. Sería fundamental considerar los siguientes aspectos:\n1. Aspectos de carácter estratégico: con un máximo de $0{,}5$ puntos.\n2. Corrección gramatical: con un máximo de $1{,}5$ puntos.\n3. Claridad de expresión y organización textual: con un máximo de $1$ punto.\n4. Variedad, riqueza y precisión léxica: con un máximo de $1$ punto.\n\n**ORIENTACIONES PARA CORRECCIÓN DE LOS ASPECTOS ANTERIORES**\n\n**1. Aspectos de carácter estratégico:**\n- Presentación clara y ordenada (márgenes, sangrados etc.)\n- Ortografía correcta.\n- Texto distribuido en párrafos.\n- Uso correcto de signos de puntuación.\n- Letra clara y comprensible.\n- Escrito en tinta.\n- …\n\n**2. Corrección gramatical:**\n- Orden correcto de los elementos frásticos (SVO…).\n- Concordancias correctas (S-V, Pronombres referentes…).\n- Formas pronominales correctas.\n- Cuantificadores correctos.\n- Estructuración negativa correcta.\n- Tiempos y secuencias verbales adecuados y correctos.\n- Partículas temporales adecuadas (FOR, SINCE, AGO, ALREADY).\n- Uso adecuado de artículos (genéricos, específicos…).\n- Uso correcto del posesivo.\n- Conocimiento de los plurales irregulares.\n- Uso correcto de modales y defectivos.\n- Invariabilidad de los adjetivos (género y número).\n- Uso correcto de las preposiciones.\n- …\n\n**3. Claridad de expresión y organización textual:**\n- Secuenciación y organización del texto clara y lógica.\n- No hay excesivas repeticiones.\n- No es un texto confuso y oscuro.\n- Uso adecuado de conectores para las diferentes ideas.\n- Aproximación al tema coherente y original.\n- Estructuración de las ideas en párrafos.\n- …\n\n**4. Variedad, riqueza y precisión léxica:**\n- No se usan palabras en español ni inexistentes.\n- Elección de términos específicos y concretos para ese texto.\n- No existe confusión entre elementos léxicos básicos.\n- No hay confusión entre categorías gramaticales.\n- No existe un abuso desmesurado de expresiones idiomáticas.""}], ""desglose"": [{""descripcion"": [{""idioma"": ""va"", ""markdown"": ""Aspectes de caràcter estratègic""}, {""idioma"": ""es"", ""markdown"": ""Aspectos de carácter estratégico""}], ""puntos"": 0.5}, {""descripcion"": [{""idioma"": ""va"", ""markdown"": ""Correcció gramatical""}, {""idioma"": ""es"", ""markdown"": ""Corrección gramatical""}], ""puntos"": 1.5}, {""descripcion"": [{""idioma"": ""va"", ""markdown"": ""Claredat d'expressió i organització textual""}, {""idioma"": ""es"", ""markdown"": ""Claridad de expresión y organización textual""}], ""puntos"": 1.0}, {""descripcion"": [{""idioma"": ""va"", ""markdown"": ""Varietat, riquesa i precisió lèxica""}, {""idioma"": ""es"", ""markdown"": ""Variedad, riqueza y precisión léxica""}], ""puntos"": 1.0}], ""respuesta"": [], ""paginas"": [{""idioma"": ""va"", ""pagina"": 3}, {""idioma"": ""es"", ""pagina"": 4}]}"
instrucciones-generales-no-publicadas,ac1e68a880cb,7,,,,
instrucciones-generales-no-publicadas,acbda9a58213,2,,,,
instrucciones-generales-no-publicadas,ad5e5f0a2ac6,1,,,,
instrucciones-generales-no-publicadas,af54b4044118,3,,,,
instrucciones-generales-no-publicadas,aff3651802a6,1,,,,
instrucciones-generales-no-publicadas,b2350f7349fb,1,,,,
instrucciones-generales-no-publicadas,b318836e0ed7,2,,,,
instrucciones-generales-no-publicadas,b33ba5342851,1,,,,
instrucciones-generales-no-publicadas,b33f8ac01792,2,,,,
instrucciones-generales-no-publicadas,b5604273f1c3,3,,,,
instrucciones-generales-no-publicadas,b5cd88c6008c,2,,,,
instrucciones-generales-no-publicadas,b70554fe0f17,1,,,,
instrucciones-generales-no-publicadas,b7806bfd43fe,1,,,,
instrucciones-generales-no-publicadas,b8fa0d73f649,2,,,,
entrada-en-nodo-no-publicado,b996e7795739,,n1,,rubrica,"{""nodo"": ""n1"", ""puntos"": 4.0, ""criterios"": [], ""desglose"": [], ""respuesta"": [], ""paginas"": [{""idioma"": ""es"", ""pagina"": 1}, {""idioma"": ""es"", ""pagina"": 3}]}"
entrada-en-nodo-no-publicado,b996e7795739,,n2,,rubrica,"{""nodo"": ""n2"", ""puntos"": 2.0, ""criterios"": [], ""desglose"": [], ""respuesta"": [], ""paginas"": [{""idioma"": ""es"", ""pagina"": 3}]}"
entrada-en-nodo-no-publicado,b996e7795739,,n5,,rubrica,"{""nodo"": ""n5"", ""puntos"": 2.0, ""criterios"": [], ""desglose"": [], ""respuesta"": [], ""paginas"": [{""idioma"": ""es"", ""pagina"": 3}]}"
entrada-en-nodo-no-publicado,b996e7795739,,n7,,rubrica,"{""nodo"": ""n7"", ""puntos"": 3.0, ""criterios"": [], ""desglose"": [], ""respuesta"": [], ""paginas"": [{""idioma"": ""es"", ""pagina"": 4}]}"
entrada-en-nodo-no-publicado,b996e7795739,,n8,,rubrica,"{""nodo"": ""n8"", ""puntos"": 1.0, ""criterios"": [], ""desglose"": [], ""respuesta"": [], ""paginas"": [{""idioma"": ""es"", ""pagina"": 4}]}"
entrada-en-nodo-no-publicado,b996e7795739,,n9,,rubrica,"{""nodo"": ""n9"", ""puntos"": null, ""criterios"": [], ""desglose"": [], ""respuesta"": [{""idioma"": ""es"", ""markdown"": ""Se trata de una oración subordinada de relativo con antecedente expreso. Función: complemento del nombre.""}], ""paginas"": [{""idioma"": ""es"", ""pagina"": 4}]}"
entrada-en-nodo-no-publicado,b996e7795739,,n10,,rubrica,"{""nodo"": ""n10"", ""puntos"": null, ""criterios"": [], ""desglose"": [], ""respuesta"": [{""idioma"": ""es"", ""markdown"": ""Sujeto.""}], ""paginas"": [{""idioma"": ""es"", ""pagina"": 4}]}"
entrada-en-nodo-no-publicado,b996e7795739,,n11,,rubrica,"{""nodo"": ""n11"", ""puntos"": null, ""criterios"": [], ""desglose"": [], ""respuesta"": [{""idioma"": ""es"", ""markdown"": ""No. En “Hay que distinguir” funciona como un nexo para formar la perífrasis modal de obligación. En los dos casos restantes funciona tanto como nexo como de sujeto, al tratarse de un pronombre relativo dentro de una oración de relativo.""}], ""paginas"": [{""idioma"": ""es"", ""pagina"": 5}]}"
entrada-en-nodo-no-publicado,b996e7795739,,n12,,rubrica,"{""nodo"": ""n12"", ""puntos"": 1.0, ""criterios"": [], ""desglose"": [], ""respuesta"": [], ""paginas"": [{""idioma"": ""es"", ""pagina"": 5}]}"
entrada-en-nodo-no-publicado,b996e7795739,,n13,,rubrica,"{""nodo"": ""n13"", ""puntos"": null, ""criterios"": [], ""desglose"": [], ""respuesta"": [{""idioma"": ""es"", ""markdown"": ""analic- Lex\n\n$-\\varnothing$ -VT\n\n-e - TAM\n\n-n - NP\n\nVerbo, $3^{\\text{a}}$ persona plural, presente de subjuntivo, primera conjugación. Palabra simple.""}], ""paginas"": [{""idioma"": ""es"", ""pagina"": 5}]}"
entrada-en-nodo-no-publicado,b996e7795739,,n14,,rubrica,"{""nodo"": ""n14"", ""puntos"": null, ""criterios"": [], ""desglose"": [], ""respuesta"": [{""idioma"": ""es"", ""markdown"": ""Reduc- lexema\n\n-cion - morf. der. suf.\n\n-ista - morf. der. suf.\n\nAdjetivo. Derivada denominal.""}], ""paginas"": [{""idioma"": ""es"", ""pagina"": 5}]}"
entrada-en-nodo-no-publicado,b996e7795739,,n15,,rubrica,"{""nodo"": ""n15"", ""puntos"": null, ""criterios"": [], ""desglose"": [], ""respuesta"": [{""idioma"": ""es"", ""markdown"": ""Permanente - b. léxica\n\n-mente - morf. der. suf.\n\nAdverbio. Palabra derivada deadjetival.""}], ""paginas"": [{""idioma"": ""es"", ""pagina"": 5}]}"
entrada-en-nodo-no-publicado,b996e7795739,,n16,,rubrica,"{""nodo"": ""n16"", ""puntos"": 1.0, ""criterios"": [], ""desglose"": [], ""respuesta"": [], ""paginas"": [{""idioma"": ""es"", ""pagina"": 6}]}"
entrada-en-nodo-no-publicado,b996e7795739,,n17,,rubrica,"{""nodo"": ""n17"", ""puntos"": null, ""criterios"": [], ""desglose"": [], ""respuesta"": [{""idioma"": ""es"", ""markdown"": ""Las oraciones impersonales y la tercera persona aportan objetividad y un tono reflexivo, característico del lenguaje periodístico.\n\nLas impersonales, como “Cada vez se sospecha más que no es solo por la distracción que representan”, presentan ideas como verdades generales, sin señalar al emisor, lo que refuerza la imparcialidad.\n\nEl uso de la tercera persona, como en “El problema no reside tanto en las tecnologías en sí mismas como en los contenidos y los usos que de ellas se haga”, permite analizar los hechos con distancia, sin implicar directamente al autor ni al lector.""}], ""paginas"": [{""idioma"": ""es"", ""pagina"": 6}]}"
entrada-en-nodo-no-publicado,b996e7795739,,n18,,rubrica,"{""nodo"": ""n18"", ""puntos"": null, ""criterios"": [], ""desglose"": [], ""respuesta"": [{""idioma"": ""es"", ""markdown"": ""“Caída del rendimiento escolar” es una metáfora, ya que presenta una disminución en el rendimiento académico como si fuera un objeto que se desploma físicamente.\n\nEn el contexto, esta metáfora ilustra de forma visual y enfática los efectos negativos que puede tener el mal uso de las pantallas sobre el aprendizaje, facilitando su comprensión e impacto en el lector.\n\nOtro ejemplo de esta figura en el texto es “ventana permanentemente abierta a la distracción”, que convierte el teléfono móvil en una metáfora de acceso constante a elementos que desvían la atención.""}], ""paginas"": [{""idioma"": ""es"", ""pagina"": 6}]}"
entrada-en-nodo-no-publicado,b996e7795739,,n19,,rubrica,"{""nodo"": ""n19"", ""puntos"": null, ""criterios"": [], ""desglose"": [], ""respuesta"": [{""idioma"": ""es"", ""markdown"": ""Tres expresiones de obligación presentes en el texto son:\n\n1. “Cualquier medida debería huir de los planteamientos maniqueos”\n2. “Han de poder decidir el ritmo pedagógico”\n3. “Lo importante es fomentar la capacidad analítica, crítica y creativa”\n\nEstas expresiones aportan modalización deóntica, ya que manifiestan juicios del autor sobre lo que es necesario, conveniente o deseable. Contribuyen a marcar la posición argumentativa del editorial, sin imponerla de forma categórica, sino apelando al sentido común y a la reflexión. Así, el texto mantiene un tono firme pero razonado, propio de un debate serio y equilibrado.""}], ""paginas"": [{""idioma"": ""es"", ""pagina"": 6}, {""idioma"": ""es"", ""pagina"": 7}]}"
entrada-en-nodo-no-publicado,b996e7795739,,n20,,rubrica,"{""nodo"": ""n20"", ""puntos"": 3.0, ""criterios"": [], ""desglose"": [], ""respuesta"": [], ""paginas"": [{""idioma"": ""es"", ""pagina"": 7}]}"
instrucciones-generales-no-publicadas,b9c4b6fda9fd,1,,,,
instrucciones-generales-no-publicadas,bbe9725b0e0f,1,,,,
instrucciones-generales-no-publicadas,bd13236e87fb,1,,,,
instrucciones-generales-no-publicadas,be1849698853,1,,,,
instrucciones-generales-no-publicadas,be3eae38d7a8,1,,,,
instrucciones-generales-no-publicadas,c09cb7258334,1,,,,
instrucciones-generales-no-publicadas,c18e08692807,1,,,,
entrada-en-nodo-no-publicado,c18e08692807,,n5,,rubrica,"{""nodo"": ""n5"", ""puntos"": 6.0, ""criterios"": [], ""desglose"": [], ""respuesta"": [], ""paginas"": [{""idioma"": ""es"", ""pagina"": 1}]}"
entrada-en-nodo-no-publicado,c18e08692807,,n13,,rubrica,"{""nodo"": ""n13"", ""puntos"": 6.0, ""criterios"": [], ""desglose"": [], ""respuesta"": [], ""paginas"": [{""idioma"": ""es"", ""pagina"": 1}]}"
instrucciones-generales-no-publicadas,c1d9f1b76c4c,2,,,,
instrucciones-generales-no-publicadas,c1e0cd9998cb,1,,,,
instrucciones-generales-no-publicadas,c2e6925690c1,2,,,,
instrucciones-generales-no-publicadas,c422fff5f7b9,1,,,,
instrucciones-generales-no-publicadas,c84489a2b62f,1,,,,
instrucciones-generales-no-publicadas,c84f682ed0b2,1,,,,
instrucciones-generales-no-publicadas,c85cd1758e28,2,,,,
instrucciones-generales-no-publicadas,cb74892cb60e,1,,,,
instrucciones-generales-no-publicadas,cb9d8c2c12d7,2,,,,
instrucciones-generales-no-publicadas,cbf947ff0c0c,2,,,,
instrucciones-generales-no-publicadas,cc4ce021beb2,1,,,,
regla-propia-pregunta-omitida,cdd0f4f759e1,,n2,"{""minimo"": 2, ""maximo"": 2, ""de"": 4, ""agregacion"": ""suma"", ""literal"": [{""idioma"": ""va"", ""markdown"": ""Definiu DOS dels conceptes següents. (fins a $2$ punts)""}, {""idioma"": ""es"", ""markdown"": ""Defina DOS de los conceptos siguientes (hasta $2$ puntos)""}]}",,
instrucciones-generales-no-publicadas,cdd0f4f759e1,2,,,,
entrada-en-nodo-no-publicado,cdd0f4f759e1,,n11,,rubrica,"{""nodo"": ""n11"", ""puntos"": 3.0, ""criterios"": [{""idioma"": ""va"", ""markdown"": ""Només s’ha de corregir l’exposició d’un dels dos temes ($3.1$ o $3.2$). En el cas que es responga més d’un, s’ha de corregir només el primer dels exposats.""}, {""idioma"": ""es"", ""markdown"": ""Solo se corregirá la exposición de uno de los dos temas ($3.1$ o $3.2$). En el caso de que se responda más de uno, se corregirá solo el primero de los expuestos.""}], ""desglose"": [], ""respuesta"": [], ""paginas"": [{""idioma"": ""va"", ""pagina"": 2}, {""idioma"": ""es"", ""pagina"": 5}]}"
instrucciones-generales-no-publicadas,ce17d1837c64,2,,,,
instrucciones-generales-no-publicadas,ce6f09d504dc,1,,,,
instrucciones-generales-no-publicadas,cf8f175f86e7,4,,,,
instrucciones-generales-no-publicadas,d0639c51e9f8,1,,,,
instrucciones-generales-no-publicadas,d0cb552cbd36,1,,,,
instrucciones-generales-no-publicadas,d33db3386e53,1,,,,
instrucciones-generales-no-publicadas,d38f6dafa9bd,1,,,,
instrucciones-generales-no-publicadas,d487a226ab90,1,,,,
instrucciones-generales-no-publicadas,d54d5d841933,1,,,,
entrada-en-nodo-no-publicado,d54d5d841933,,n2,,rubrica,"{""nodo"": ""n2"", ""puntos"": 4.0, ""criterios"": [], ""desglose"": [], ""respuesta"": [], ""paginas"": [{""idioma"": ""es"", ""pagina"": 1}]}"
entrada-en-nodo-no-publicado,d54d5d841933,,n3,,rubrica,"{""nodo"": ""n3"", ""puntos"": 3.0, ""criterios"": [{""idioma"": ""es"", ""markdown"": ""Comprende: localizar y seleccionar las ideas principales y secundarias en los diferentes párrafos, así como los diferentes tipos de argumentos y la tesis defendida por el autor; delimitar las secuencias textuales o partes constitutivas; y determinar la estructura u organización de estas.\n\nEl alumno puede describir y explicar lo anterior mediante la redacción en diferentes párrafos o con un cuadro sinóptico, donde queden explicitadas las tareas anteriores.""}, {""idioma"": ""es"", ""markdown"": ""El alumno demostrará su capacidad de síntesis produciendo un texto coherente y cohesionado, con la extensión adecuada y respetando el contenido del texto. Se aconseja que dicho resumen no supere el $25\\%$ de la extensión del propio texto, ya que, de lo contrario, se desvirtúa su función.""}, {""idioma"": ""es"", ""markdown"": ""El alumno identificará el tema del que trata el texto o señalará la idea central de este (asimismo, es válido indicar la tesis pero no se acepta el título).""}], ""desglose"": [{""descripcion"": [{""idioma"": ""es"", ""markdown"": ""Describir y explicar el esquema organizativo del texto.""}], ""puntos"": 1.5}, {""descripcion"": [{""idioma"": ""es"", ""markdown"": ""Elaboración del resumen del texto. Breve resumen de su contenido.""}], ""puntos"": 1.0}, {""descripcion"": [{""idioma"": ""es"", ""markdown"": ""Establecimiento del tema o idea central del texto.""}], ""puntos"": 0.5}], ""respuesta"": [], ""paginas"": [{""idioma"": ""es"", ""pagina"": 1}, {""idioma"": ""es"", ""pagina"": 2}]}"
entrada-en-nodo-no-publicado,d54d5d841933,,n4,,rubrica,"{""nodo"": ""n4"", ""puntos"": 1.0, ""criterios"": [{""idioma"": ""es"", ""markdown"": ""El alumno realizará la valoración crítica del contenido y la expresará mediante secuencias expositivas y argumentativas; manifestará su adhesión o rechazo a las ideas expuestas por el autor, aportando nuevos argumentos a favor y/o en contra de aquellas, así como la justificación de la actualidad o vigencia del texto y su interés general o restringido según los potenciales destinatarios. Es necesario insistir, pues, en el hecho de que se trata de una pregunta sobre el contenido y las ideas del texto, y no sobre su forma. En ese sentido, la pregunta consta de varios apartados, que esquemáticamente podrían resumirse así: a) valoración de las ideas del autor, b) opinión del alumno/a sobre el tema que se aborda en el texto; y c) capacidad de asociación con hechos históricos o de actualidad relacionados.""}], ""desglose"": [], ""respuesta"": [], ""paginas"": [{""idioma"": ""es"", ""pagina"": 2}]}"
entrada-en-nodo-no-publicado,d54d5d841933,,n5,,rubrica,"{""nodo"": ""n5"", ""puntos"": 6.0, ""criterios"": [], ""desglose"": [], ""respuesta"": [], ""paginas"": [{""idioma"": ""es"", ""pagina"": 1}]}"
entrada-en-nodo-no-publicado,d54d5d841933,,n10,,rubrica,"{""nodo"": ""n10"", ""puntos"": 4.0, ""criterios"": [], ""desglose"": [], ""respuesta"": [], ""paginas"": [{""idioma"": ""es"", ""pagina"": 1}]}"
entrada-en-nodo-no-publicado,d54d5d841933,,n11,,rubrica,"{""nodo"": ""n11"", ""puntos"": 3.0, ""criterios"": [{""idioma"": ""es"", ""markdown"": ""Comprende: localizar y seleccionar las ideas principales y secundarias en los diferentes párrafos, así como los diferentes tipos de argumentos y la tesis defendida por el autor; delimitar las secuencias textuales o partes constitutivas; y determinar la estructura u organización de estas.\n\nEl alumno puede describir y explicar lo anterior mediante la redacción en diferentes párrafos o con un cuadro sinóptico, donde queden explicitadas las tareas anteriores.""}, {""idioma"": ""es"", ""markdown"": ""El alumno demostrará su capacidad de síntesis produciendo un texto coherente y cohesionado, con la extensión adecuada y respetando el contenido del texto. Se aconseja que dicho resumen no supere el $25\\%$ de la extensión del propio texto, ya que, de lo contrario, se desvirtúa su función.""}, {""idioma"": ""es"", ""markdown"": ""El alumno identificará el tema del que trata el texto o señalará la idea central de este (asimismo, es válido indicar la tesis pero no se acepta el título).""}], ""desglose"": [{""descripcion"": [{""idioma"": ""es"", ""markdown"": ""Describir y explicar el esquema organizativo del texto.""}], ""puntos"": 1.5}, {""descripcion"": [{""idioma"": ""es"", ""markdown"": ""Elaboración del resumen del texto. Breve resumen de su contenido.""}], ""puntos"": 1.0}, {""descripcion"": [{""idioma"": ""es"", ""markdown"": ""Establecimiento del tema o idea central del texto.""}], ""puntos"": 0.5}], ""respuesta"": [], ""paginas"": [{""idioma"": ""es"", ""pagina"": 1}, {""idioma"": ""es"", ""pagina"": 2}]}"
entrada-en-nodo-no-publicado,d54d5d841933,,n12,,rubrica,"{""nodo"": ""n12"", ""puntos"": 1.0, ""criterios"": [{""idioma"": ""es"", ""markdown"": ""El alumno realizará la valoración crítica del contenido y la expresará mediante secuencias expositivas y argumentativas; manifestará su adhesión o rechazo a las ideas expuestas por el autor, aportando nuevos argumentos a favor y/o en contra de aquellas, así como la justificación de la actualidad o vigencia del texto y su interés general o restringido según los potenciales destinatarios. Es necesario insistir, pues, en el hecho de que se trata de una pregunta sobre el contenido y las ideas del texto, y no sobre su forma. En ese sentido, la pregunta consta de varios apartados, que esquemáticamente podrían resumirse así: a) valoración de las ideas del autor, b) opinión del alumno/a sobre el tema que se aborda en el texto; y c) capacidad de asociación con hechos históricos o de actualidad relacionados.""}], ""desglose"": [], ""respuesta"": [], ""paginas"": [{""idioma"": ""es"", ""pagina"": 2}]}"
entrada-en-nodo-no-publicado,d54d5d841933,,n13,,rubrica,"{""nodo"": ""n13"", ""puntos"": 6.0, ""criterios"": [], ""desglose"": [], ""respuesta"": [], ""paginas"": [{""idioma"": ""es"", ""pagina"": 1}]}"
instrucciones-generales-no-publicadas,d5bb406de29e,5,,,,
instrucciones-generales-no-publicadas,d8d3b89285b6,1,,,,
regla-propia-pregunta-omitida,db08dd7416d3,,n25,"{""minimo"": 1, ""maximo"": 1, ""de"": 2, ""agregacion"": ""suma"", ""literal"": [{""idioma"": ""es"", ""markdown"": ""Responda a una sola de estas dos opciones:""}]}",,
entrada-en-nodo-no-publicado,dfa70105641a,,n1,,rubrica,"{""nodo"": ""n1"", ""puntos"": 4.0, ""criterios"": [{""idioma"": ""es"", ""markdown"": ""Hay un primer bloque de Comunicación escrita, con una puntuación máxima de $4$ puntos. Este bloque es obligatorio.""}], ""desglose"": [], ""respuesta"": [], ""paginas"": [{""idioma"": ""es"", ""pagina"": 1}]}"
entrada-en-nodo-no-publicado,dfa70105641a,,n2,,rubrica,"{""nodo"": ""n2"", ""puntos"": 6.0, ""criterios"": [{""idioma"": ""es"", ""markdown"": ""El alumno deberá elegir cinco ($5$) de las diez ($10$) preguntas que se proponen y responder a las cuestiones que dentro de cada una de ellas se plantean. De las $10$ preguntas propuestas, $6$ serán de Conocimiento de la lengua (sintaxis, morfología, modalización y léxico y semántica) y $4$ de Educación literaria, a partir de dos textos seleccionados. El alumno podrá elegir libremente las cinco preguntas que prefiera, con independencia de la materia a la que estas pertenezcan. Cada pregunta elegida tendrá un valor máximo de $1{,}2$ puntos.""}, {""idioma"": ""es"", ""markdown"": ""Para la evaluación de este bloque se tendrán también en cuenta los aspectos de redacción y de estilo que se evaluaban en la pregunta de producción del Bloque I.""}], ""desglose"": [], ""respuesta"": [], ""paginas"": [{""idioma"": ""es"", ""pagina"": 2}]}"
instrucciones-generales-no-publicadas,dff10bd824da,3,,,,
instrucciones-generales-no-publicadas,e181c850e8ce,1,,,,
instrucciones-generales-no-publicadas,e1f43a3363d4,2,,,,
instrucciones-generales-no-publicadas,e20bc6ac4790,1,,,,
instrucciones-generales-no-publicadas,e2595a3b7e0d,8,,,,
instrucciones-generales-no-publicadas,e28ef720b913,3,,,,
instrucciones-generales-no-publicadas,e300944f0ec3,2,,,,
regla-propia-pregunta-omitida,e3b38fbda57d,,n1,"{""minimo"": 1, ""maximo"": 1, ""de"": 2, ""agregacion"": ""suma"", ""literal"": [{""idioma"": ""va"", ""markdown"": ""Responeu a una de les dues opcions (Fins a 1 punt)""}, {""idioma"": ""es"", ""markdown"": ""Responda a una de las dos opciones (Hasta 1 punto)""}]}",,
regla-propia-pregunta-omitida,e3b38fbda57d,,n4,"{""minimo"": 1, ""maximo"": 1, ""de"": 2, ""agregacion"": ""suma"", ""literal"": [{""idioma"": ""va"", ""markdown"": ""Responeu a una de les dues opcions (Fins a 2,5 punts)""}, {""idioma"": ""es"", ""markdown"": ""Responda a una de las dos opciones (Hasta 2,5 puntos)""}]}",,
regla-propia-pregunta-omitida,e3b38fbda57d,,n7,"{""minimo"": 2, ""maximo"": 2, ""de"": 4, ""agregacion"": ""suma"", ""literal"": [{""idioma"": ""va"", ""markdown"": ""Definiu DOS dels conceptes següents (Fins a 2 punts)""}, {""idioma"": ""es"", ""markdown"": ""Defina DOS de los conceptos siguientes (Hasta 2 puntos)""}]}",,
regla-propia-pregunta-omitida,e3b38fbda57d,,n12,"{""minimo"": 1, ""maximo"": 1, ""de"": 2, ""agregacion"": ""suma"", ""literal"": [{""idioma"": ""va"", ""markdown"": ""Responeu a una de les dues opcions (Fins a 2,5 punts)""}, {""idioma"": ""es"", ""markdown"": ""Responda a una de las dos opciones (Hasta 2,5 puntos)""}]}",,
regla-propia-pregunta-omitida,e3b38fbda57d,,n15,"{""minimo"": 1, ""maximo"": 1, ""de"": 2, ""agregacion"": ""suma"", ""literal"": [{""idioma"": ""va"", ""markdown"": ""Responeu a una de les dues opcions (Fins a 2 punts)""}, {""idioma"": ""es"", ""markdown"": ""Responda una de las dos opciones (Hasta 2 puntos)""}]}",,
instrucciones-generales-no-publicadas,e71581fd27e5,2,,,,
regla-propia-pregunta-omitida,e731338592c5,,n2,"{""minimo"": 1, ""maximo"": 1, ""de"": 2, ""agregacion"": ""suma"", ""literal"": [{""idioma"": ""va"", ""markdown"": ""Respon a un dels dos apartats:""}, {""idioma"": ""es"", ""markdown"": ""Responde a uno de los dos apartados:""}]}",,
regla-propia-pregunta-omitida,e731338592c5,,n5,"{""minimo"": 1, ""maximo"": 1, ""de"": 2, ""agregacion"": ""suma"", ""literal"": [{""idioma"": ""va"", ""markdown"": ""Respon a un dels dos apartats:""}, {""idioma"": ""es"", ""markdown"": ""Responde a uno de los dos apartados:""}]}",,
regla-propia-pregunta-omitida,e731338592c5,,n8,"{""minimo"": 1, ""maximo"": 1, ""de"": 2, ""agregacion"": ""suma"", ""literal"": [{""idioma"": ""va"", ""markdown"": ""Respon a un dels dos apartats:""}, {""idioma"": ""es"", ""markdown"": ""Responde a uno de los dos apartados:""}]}",,
instrucciones-generales-no-publicadas,e731338592c5,2,,,,
regla-propia-pregunta-omitida,e734936a32d3,,n5,"{""minimo"": 1, ""maximo"": 1, ""de"": 2, ""agregacion"": ""suma"", ""literal"": [{""idioma"": ""va"", ""markdown"": ""Respon a l’apartat 2.1 o a l’apartat 2.2""}, {""idioma"": ""es"", ""markdown"": ""Responda al apartado 2.1 o al apartado 2.2""}]}",,
regla-propia-pregunta-omitida,e734936a32d3,,n13,"{""minimo"": 1, ""maximo"": 1, ""de"": 2, ""agregacion"": ""suma"", ""literal"": [{""idioma"": ""va"", ""markdown"": ""Respon a l’apartat 3.1 o a l’apartat 3.2""}, {""idioma"": ""es"", ""markdown"": ""Responda al apartado 3.1 o al apartado 3.2""}]}",,
regla-propia-pregunta-omitida,e734936a32d3,,n21,"{""minimo"": 1, ""maximo"": 1, ""de"": 2, ""agregacion"": ""suma"", ""literal"": [{""idioma"": ""va"", ""markdown"": ""Respon a l’apartat 4.1 o a l’apartat 4.2""}, {""idioma"": ""es"", ""markdown"": ""Responda al apartado 4.1 o al apartado 4.2""}]}",,
instrucciones-generales-no-publicadas,e734936a32d3,2,,,,
instrucciones-generales-no-publicadas,e762bb621d48,3,,,,
regla-propia-pregunta-omitida,e7907173dac8,,n5,"{""minimo"": 1, ""maximo"": 1, ""de"": 2, ""agregacion"": ""suma"", ""literal"": [{""idioma"": ""va"", ""markdown"": ""La (d) et permet elegir entre dues opcions: (d1) o (d2). Tria una de les possibilitats següents.""}]}",,
regla-propia-pregunta-omitida,e7907173dac8,,n9,"{""minimo"": 1, ""maximo"": 1, ""de"": 2, ""agregacion"": ""suma"", ""literal"": [{""idioma"": ""va"", ""markdown"": ""La pregunta (a) et permet elegir entre (a1) o (a2). Respon a una de les dues preguntes següents sobre la pronunciació dels elements subratllats.""}]}",,
regla-propia-pregunta-omitida,e7907173dac8,,n32,"{""minimo"": 1, ""maximo"": 1, ""de"": 2, ""agregacion"": ""suma"", ""literal"": [{""idioma"": ""va"", ""markdown"": ""En la pregunta (a) tens dos opcions, tria’n una (a1 o a2). Respon una de les dues qüestions amb un text de $70$ a $90$ paraules.""}]}",,
instrucciones-generales-no-publicadas,e7907173dac8,2,,,,
instrucciones-generales-no-publicadas,e880b6f47a91,8,,,,
instrucciones-generales-no-publicadas,e887d3851c95,4,,,,
instrucciones-generales-no-publicadas,e901e02fbd0a,2,,,,
instrucciones-generales-no-publicadas,e921bcde8ddb,2,,,,
instrucciones-generales-no-publicadas,e96e07529cae,4,,,,
instrucciones-generales-no-publicadas,eb1d77ddf433,1,,,,
regla-propia-pregunta-omitida,ed03ea4e6cf8,,n5,"{""minimo"": 3, ""maximo"": 3, ""de"": 5, ""agregacion"": ""suma"", ""literal"": [{""idioma"": ""es"", ""markdown"": ""Responda a TRES de las cuestiones siguientes""}]}",,
regla-propia-pregunta-omitida,ed03ea4e6cf8,,n13,"{""minimo"": 3, ""maximo"": 3, ""de"": 5, ""agregacion"": ""suma"", ""literal"": [{""idioma"": ""es"", ""markdown"": ""Responda a TRES de las cuestiones siguientes""}]}",,
instrucciones-generales-no-publicadas,ed03ea4e6cf8,1,,,,
instrucciones-generales-no-publicadas,ed9f75746f60,8,,,,
instrucciones-generales-no-publicadas,f14d74605043,2,,,,
instrucciones-generales-no-publicadas,f4aa680c156d,2,,,,
instrucciones-generales-no-publicadas,f5a8aadc050b,2,,,,
instrucciones-generales-no-publicadas,f6ae3b95185b,2,,,,
instrucciones-generales-no-publicadas,f7ba90e6218e,1,,,,
instrucciones-generales-no-publicadas,f88f210f0efc,1,,,,
instrucciones-generales-no-publicadas,f924b77166cd,5,,,,
instrucciones-generales-no-publicadas,fa08351c342d,1,,,,
instrucciones-generales-no-publicadas,fae5d170fbef,1,,,,
instrucciones-generales-no-publicadas,fb159fb1bc3a,1,,,,
instrucciones-generales-no-publicadas,fb33d4fddeab,1,,,,
instrucciones-generales-no-publicadas,fb49d9b64ac1,1,,,,
instrucciones-generales-no-publicadas,fda5ea13b6c5,2,,,,
regla-propia-pregunta-omitida,fdd6ca513f80,,n1,"{""minimo"": 1, ""maximo"": 1, ""de"": 2, ""agregacion"": ""suma"", ""literal"": [{""idioma"": ""va"", ""markdown"": ""RESPONEU NOMÉS UN DELS DOS APARTATS D’AQUESTA PREGUNTA""}, {""idioma"": ""es"", ""markdown"": ""CONTESTE SOLO A UNO DE LOS DOS APARTADOS DE ESTA PREGUNTA""}]}",,
regla-propia-pregunta-omitida,fdd6ca513f80,,n11,"{""minimo"": 1, ""maximo"": 1, ""de"": 2, ""agregacion"": ""suma"", ""literal"": [{""idioma"": ""va"", ""markdown"": ""RESPONEU NOMÉS UN DELS DOS APARTATS D’AQUESTA PREGUNTA""}, {""idioma"": ""es"", ""markdown"": ""CONTESTE SOLO A UNO DE LOS DOS APARTADOS DE ESTA PREGUNTA""}]}",,
instrucciones-generales-no-publicadas,fdd6ca513f80,6,,,,
